measure_id,measure_name,short_description,type_of_strategy_or_measure,quantified_objective,indicative_budget_and_sources_of_financing,bodies_responsible_for_implementation,estimated_impact,state_of_implementation,date_of_entry_into_force,implementation_period
AT_001,- Lower Austria Housing Development - Legal measures,"There are incentives to reduce life cycle greenhouse gas emissions both in the area of new building promotion and in the area of investment promotion (small and large-volume residential construction). In the new building, the funding points are linked to the OI3 index, in the Sanie rung, insulation measures with ecological and renewable insulation materials are promoted according to https://www.baubook.at/central/ with additional points. In implementation of Article 7(2) of Directive (EU) 2024/1275, Section 44(6) of the Lower Austrian Building Code 2014 as amended by LGBl. No 1/2016 stipulates that for new constructions of buildings with a usable area of more than 1000 m² from 1.1.2028 and for all new constructions of buildings from 1.1.2030, the life cycle global warming potential must be calculated and stated in the energy performance certificate.",Financial support measure,,Incremental contributions are paid out in the course of the normal new construction or sanitation subsidy. There is no specific budgetary framework for these measures.,"Department of Housing Promotion, F2",There should be a reduction in CO2 emissions in residential construction.,constantly,Housing promotion: 1.1.2006 with continuous development § 44(6) Lower Austrian Building Code: 29.5.2026,constantly
AT_002,A- and F-Course,Training for interested parties in the field of sustainable construction and construction of buildings. Basic course and deepening for building energy consultations with the goal nZEB.,Training or further education,,,Salzburg Administrative Academy / Energy consulting Salzburg,,,,several courses per year
AT_003,Access to public building data,"Digital offer such as heating compass, ZEUS customer portal",Information platform for end customers and professionals,,,Energy Consulting Salzburg / Office of the State Government of Salzburg Ref 4/04,,,,online on an ongoing basis
AT_004,Advice against energy poverty,"The goals of energy poverty counselling in Styria include the sustainable reduction of energy costs for low-income households through individual counselling, the detection of potential savings and the provision of free energy saving packages. In addition, the advice aims to increase overall energy efficiency, reduce the use of fossil fuels and thus contribute to the ""Steiermark 2030 plus Climate and Energy Strategy"". Link: https://www.wohnbau.steiermark.at",Climate and Energy Strategy Styria 2030 plus Link: https://www.technik.steiermark.at/cms/ziel/128523298/en/,"• Reducing energy costs: Supporting low-income households in reducing their current energy and heating costs. • Detection of potential savings: Identification of hidden power guzzlers and inefficiencies in the household through a free, individual on-site consultation. • Understandable information: explanation of unclear energy tariffs and bills as well as information about energy saving possibilities. • Emergency assistance: provision of emergency assistance in the event of acute financial shortages and imminent shutdowns, in part by Caritas. • Device and heating optimization: Mediation of measures such as the replacement of energy-intensive devices or the optimization of heating systems.","Department 15 Energy, Housing and Technology","A15 Energy, Housing, Technology - Department of Energy and Housing",Strengthening and supporting vulnerable households,constantly,constantly,constantly
AT_005,Advice and support,Market barriers and market failures are addressed through various advisory services and promotions. These have already been set out in point 3.,,,,,,,,
AT_006,Advice on thermal-energetic refurbishment measures,"Energieberatung Burgenland GmbH (EBB GmbH) is an independent consulting company that specializes in energy-efficient solutions for households, municipalities and small businesses. Through individual consultations, the company promotes awareness of sustainability and supports the implementation of energy efficiency measures. The energy advice is free of charge for all Burgenland residents and can take place either by telephone (energy advice hotline), in the energy advice centres, in the course of events, or directly at the property and can include the following: a) Comprehensive information and advice to all population groups in the form of events of an al ler kind as well as by issuing and disseminating information on the sensible use and production of energy; b) advice and information on energy saving measures with regard to the possible uses of energy-saving and climate-friendly technologies; c) Implementation of energy consulting services as outsourced consulting services in accordance with § 39(4) EEffG.",Awareness-raising and support,The aim is to help the people of Burgenland to achieve sustainable energy management and to support them in reducing their energy costs and at the same time making a contribution to climate protection.,,Energy consulting Burgenland,Increase in the thermal-energetic refurbishment rate in the building sector,constantly,,constantly
AT_007,Advice on thermal-energetic refurbishment measures,"With its own funding guideline, the Kärntner Wohnbauförde fuerg bundles several support measures that are intended to serve the sustainable development of housing. A separate funding under the title ""Bera tung in thermal-energetic refurbishment measures"" is intended to transport the advantages of thermal-energetic refurbishment for CO2 reduction. In the sense of this objective, in multi-storey residential construction (residential building with at least 3 apartments), tenants or owners are to be conveyed the advantageousness of thermally and energetically renovated building substance in the course of communication processes on the basis of the refurbishment concept, in order to support or shorten decision-making processes to achieve the majorities required for the implementation of refurbishment measures and to create an incentive for the implementation of refurbishment measures.",Financial support measures,,"For all funding under Directive 10, there is currently an approximate amount of EUR 1.5 million per year.","Department 11 - Social, housing & labour market",Increase in the thermal-energy renovation rate in multi-storey residential buildings,constantly,01.01.2018,current funding programme from 01.01.2025 to 31.12.2025
AT_008,Advice on thermal-energetic refurbishment measures,"In addition to the comprehensive advice and training offered by the Energy and Environment Agency Lower Austria for private individuals and municipalities, the Bauakademie Lower Austria also offers a training and further education programme for energy certificate issuers and professionals in the construction industry to increase energy efficiency.",,,,,,constantly,,
AT_009,Advisory and accompanying measures to create and secure a modern and affordable housing supply - Directive 10,"With its own funding guideline, the Kärntner Wohnbauförde fuerg bundles several support measures that are intended to serve the sustainable development of housing. Own support under the title ‘Reconstructing - Preservation of existing residential quarters’ is intended to strengthen the situation. Existing residential quarters of non-profit housing developers or municipalities whose life span is already more than 50 years are facing a modern redesign. This question must be answered with careful integration of energy (grey energy, consumption and mobility energy), material (raw materials and harmful substances) and social (affordable housing in demographic and social change, while preserving social fabric) sustainability. A separate guideline has been developed for dealing with existing quarters. On the basis of this, consulting services and accompanying measures are provided by authorised external companies or service providers.",Financial support measures,The aim is to ensure the best possible sustainable further development of buildings as part of reconstructing projects.,"For all funding under Directive 10, there is currently an approximate funding threshold of EUR 1.5 million per year.","Department 11 - Social, housing & labour market",A careful handling of the existing building stock or its further development and thus a reduction of environmental pollution due to new buildings.,constantly,01.01.2020,currently 01.01.2025 to 31.12.2025
AT_010,All public institutions and state of Salzburg,"legislative (implementation of EED III and Directive (EU) 2024/1275) in national law. Information events several times physically and as webinars, mailings, telephone, online and on-site advice for the 119 municipalities (individually and in workshops) on the necessary individual steps in the implementation of the objectives pursuant to Articles 5.6 and 7. At building level, advice is provided by Energieberatung Salzburg (Ref 4/04), at portfolio level by the Salzburger Institut für Raumordnung und Wohnen GmbH with a focus on achieving the requirements of the aforementioned guidelines.","economic, training, awareness-raising",,,"State of Salzburg: Office of the State Government of Salzburg - Department for Energy Economics and Consulting? SIR, EBS and USS in an advisory capacity to municipalities.","Achieve the savings targets according to the alternative approach in the inefficiencies test buildings by 2030 (worst 16%) in accordance with the requirements of Directive (EU) 2024/1275 and 3% area target, or alternative approach in the country and all 119 municipalities according to Art.6 EED III (EU 2023/1791)",continuously,continuously,continuously
AT_011,Awareness-raising campaigns and other advisory tools,"The Vorarlberg Energy Institute coordinates consultations for private individuals, companies and municipalities, and in some cases also carries out these consultations. The offer includes consultations on thermal management measures (building envelope), heating exchange (out of oil and gas), solar energy use (photovoltaics, solar thermal, storage, etc.) and special topics on the subject of building and sanie ren. See https://www.energieinstitut.at/private persons/energy providers. Housing promotion: Funded preliminary renovation consultation, renovation consultations as well as comprehensive consulting services of the Energy Institute. Planned introduction of a cooperation between the federal government and the state for refurbishment advice in the area of multi-apartment buildings.",,,,,,,,
AT_012,BAUAkademie Tirol: Qualified assessment of buildings incl. specialisation module ÖNORM B1301 ‘Non-residential buildings’,"The seminar provides specialist knowledge for carrying out property inspections on residential and non-residential buildings. Contents: visual inspections, test routines, handling of ÖNORM 1300/1301, assessment of sources of danger, liability situations, preparation of findings and expert opinions. The aim is the professional assessment and documentation of safety risks in buildings.",Training and further education for specialists and managers in the construction sector,Implementation of annual seminars / qualification of specialists and executives,"EUR 1,840.00 per person; financing via participant contributions, if necessary public funding",Organizer: BAUAkademie Tirol; Professional responsibility: speakers/experts; Certification body;,"Increased professional competence of the participants, implementation of legal and technical standards, contribution to safety, quality and standards conformity in the construction industry",Ongoing training offer; repetition annually,constantly,Perpetual; annual implementation in March
AT_013,BAUAkademie Tirol: Specialist training,"Causes, prevention and measures for mould, algae and household sponge, prevention and documentation of building damage. Practical advice on checking, preventing and involving experts.",Training and further education for specialists and managers in the construction sector,Implementation of annual seminars / qualification of specialists and executives,"Pricing is provided by the different continuing education courses for each participant; financing via participant contributions, if necessary public subsidies",Organizer: BAUAkademie Tirol; Professional responsibility: speakers/experts,"Increased professional competence of the participants, implementation of legal and technical standards, contribution to safety, quality and standards conformity in the construction industry",Ongoing training offer; repetition annually,constantly,Permanent; annual implementation in March and November
AT_014,"BAUAkademie Tirol: Training courses on the OIB guidelines 2,3,4 (2023 edition)","Provide practical knowledge on OIB guidelines 2, 3 and 4 (fire protection, hygiene, accessibility). The aim is the qualification of architects, builders, civil engineers and experts to ensure legally compliant planning, execution and inspection in the construction industry.",Training and further education for professionals in the construction sector,Implementation of annual seminars/qualification of specialists and executives,"EUR 400.00 per person; financing via participant contributions, if necessary public subsidies",Organizer: BAUAkademie Tirol; Professional responsibility: speakers/experts,"Increased professional competence of the participants, implementation of legal and technical standards, contribution to safety, quality and standards conformity in the construction industry",Ongoing training offer; repetition annually,constantly,Permanent; annual implementation April and November
AT_015,BAUAkademie Tirol: Tyrolean Construction Law from the Technician for Technicians,Mediation of the essential building law provisions of the Tiroler Bauordnung and the Tiroler Raumordnungsgesetz (Tyrolean Spatial Planning Act) incl. practical examples. Overview of all building regulations from the start of construction to the building permit.,Training and further education for specialists and managers in the construction sector,Implementation of annual seminars / qualification of specialists and executives,"EUR 230.00 per person; financing via participant contributions, if necessary public subsidies",Organizer: BAUAkademie Tirol; Professional responsibility: speakers/experts,"Increased professional competence of the participants, implementation of legal and technical standards, contribution to safety, quality and standards conformity in the construction industry",Ongoing training offer; repetition annually,constantly,Permanent; annual implementation in March and October
AT_016,BFI Tirol Construction Law Day - Continuing education on current legal developments in the construction industry,"The Construction Law Day is an annual, full-day training event of the BFI Tirol. The aim is to provide professionals from the construction industry, planning, architecture and representatives of municipalities with a practical overview of current developments in construction law. The event consists of specialist lectures and short legal inputs, in particular on the amendment of directives, official approval procedures, building regulations and country-specific interpretations. Participants receive a confirmation of course attendance and benefit from direct exchange with experts and representatives of the authorities.","Training measure (presence format), awareness-raising measures for new legal requirements in the construction sector","At least 120 participants per year, continuous expansion; maintaining a continuous training format for legal certainty in the construction sector",Financing through participation fees; discount model for companies from 3 persons,"The Construction Law Day is organised by the BFI Tirol in cooperation with renowned cooperation partners, including the Tyrolean Association of Associations, the State of Tyrol, the Chamber of Civil Engineers, the Energy Agency Tyrol as well as the law firm Girardi, Schwärz ler and Pichler.",Improving legal certainty in the planning and execution of construction projects; avoiding planning errors and approval problems; securing qualifications for key players in the Tyrolean construction sector,"Regularly implemented, next implementation on 16.04.2026 in In nsbruck; program is updated annually and adapted to legal developments",2010,Annual implementation since 2020
AT_017,"BW/ERDF 2021-2027 - Investment in employment and growth Guideline of the State of Styria for the Promotion of Integrated Sustainable Urban Development Call for proposals ""Living Towns and Towns""","The aim of this programme is to reduce existing deficits in the local and urban centres by means of a participatory integrated spatial development strategy by supporting their creation and the resulting flagship projects. The main objective is the adaptation of the public (free) space to places of living, meeting and recreation, with particular regard to the challenges posed by climate change.",Reduction of heat stress through planting and shading EU funding programme Land Directive 15a Agreement,"• Adaptation of public (free) space to public places of life, encounters and recreation • Promoting active and climate-friendly mobility with simultaneous reduction of motorised transport • Construction of attractive and multifunctional urban furniture •",Total: EUR 18.75 million EU funding: EUR 15 million State funding: EUR 3.75 million,"Department 17 Regional and Regional Development Department 12Economy, Tourism, Science and Research","• Creation of places of life, encounters and recreation • Increasing the attractiveness and quality of stay of public (free) spaces • Climate change-adapted (free) spaces in the town centres",constantly,12.08.2024,Application period: until 31.12.2027 Implementation: expected by 31.12.2028
AT_018,BauPolG - §37a Charging and Network Infrastructure,"(1) For the construction of buildings with a parking space requirement of more than 10 mandatory parking spaces, the following facilities of the La deInfrastruktur shall be established: 1. in the case of residential buildings, the pipeline infrastructure for each mandatory parking space; 2. in the case of non-residential buildings, a recharging point and, for every fifth starting mandatory parking space, the line infrastructure. In the case of mixed-use buildings, the requirements of points 1 and 2 only apply if the respective use (residential or non-residential use) is accompanied by a parking space requirement of more than 10 parking spaces. The provincial government may adopt more detailed provisions with regard to the technical requirements for recharging points and pipeline infrastructure by means of a regulation. (2) In the case of existing buildings, facilities of the required infrastructure shall be retrofitted in accordance with subsection (1) if structural measures for renovation or renewal or conversion are carried out, which also cover the mandatory parking spaces or the electrical engineering infrastructure of the construction. (3)In the case of existing non-residential buildings or mixed-use buildings with a parking space requirement of more than 20 parking spaces (for non-residential use), a charging point shall in any case be retrofitted by 1 January 2024. (4)When constructing construction facilities or renewing the electrically- technical infrastructure of existing construction facilities, appropriate precautions (e.g. empty piping) must be taken to ensure that the construction facilities can be equipped with an access point for electronic communication and with high-speed-capable in-building physical infrastructure up to the network termination points.",legislative,,,Province of Salzburg,,,2021,constantly
AT_019,Bau tackles - Initiative to strengthen regional employment in Carinthia,"The ‘Bau grabt an’ initiative aims to boost employment in Carinthia by investing in regional infrastructure. The measure includes the promotion of construction and development projects in various sectors, such as tourism, transport and energy. The aim is to create jobs and develop the regional economy.",Economic development measure with a focus on infrastructure development and employment promotion.,,,The Chamber of Commerce of Carinthia; the Government of Carinthia; the European Union (ERDF funding); private companies and investors,The measure is expected to have a positive effect on the regional economy and employment. It is expected that the creation of new jobs and the strengthening of regional infrastructure will improve the quality of life in Carinthia and reduce the outflow of young people to other regions.,The measure is currently in the implementation phase.,in force since 2022,The action will be implemented over a period of 3 years. With option for extension.
AT_020,Burgenland Climate Protection Act and Climate Strategy 2023 and Heat Price Covers,"Section 1(1) of the Bgld Climate Protection Act of 16 October 2025 Burgenland aims to ensure that, by 2030, the amount of renewable energy produced in Burgenland in a calendar year exceeds the total amount of energy consumed within the national border during that period (‘balance sheet climate and energy efficiency’). This goal is achieved, on the one hand, by expanding renewable energies and, on the other hand, by consistently reducing greenhouse gas emissions. Both the expansion of renewable energy production and the reduction of greenhouse gas emissions will continue beyond 2030. Burgenland pursues the goal of phasing out fossil fuels (oil, gas, coal) by 2040 and takes the necessary measures within the scope of its competences. Maintain and continue to drive forward the pioneering role in the expansion of renewable energies. The heat price cap is a subsidy of the country for Bur Genoese private households. The support is intended to help households with low and middle incomes to cope with the enormous increase in heating costs. When calculating the level of support of the heat price cap, the net household income and the heat cost (heating costs) of the household are taken into account. The heat price cap is a promotion of the state for Burgenland private house think. The support is intended to help households with small and medium-sized incomes to cope with the enormous increase in heating costs. When calculating the subsidy amount of the heat price cap, the net household income and the heating costs (heating costs) of the house are taken into account.",Overarching master plan for the energy sector. Financial support measures,"The aim of the Bgld Climate Protection Laws and the Climate Strategy 2030 is to achieve climate and energy neutrality in the balance sheet by 2030 and to phase out the use of fossil fuels by 2040. Further expansion of new bare energies. To produce at least 9 300 GWh of renewable energy in 2030. Burgenland aims to supply households and companies with renewable energy as cost-effectively and safely as possible, for example by expanding the association ‘Fanclub Burgenland Energieindependent’ or supporting renewable energy communities. Support for the costs of room heating for Burgenland households with small and medium incomes through the heat price cap.",Funding from the current budget,"Dept. 4 – Agriculture, Nature and Climate Protection and Division 9 – EU, Society and Support",The Climate Protection Act and the Bgld Climate Strategy 2030 form the legal basis for numerous implementation measures in the energy sector. Preventing energy poverty,constantly,"Bgld climate strategy since 2023, Bgld climate law since 2025, heat price cap since 2024",constantly
AT_021,CLEAR! Regions face the consequences of climate change,"Austria's regions and municipalities are already massively affected by the consequences of climate change. In addition to a further forcie of climate protection measures, i.e. the reduction of greenhouse gas emissions, we must learn to deal with the changing climate conditions. This means that we solve problems that already exist, such as heat or stronger genes, prudently and without negative effects on other areas. At the same time, it is important to think about further developments, for example in order to make our forests climate-friendly or to secure the drinking water supply. And, of course, opportunities should also be identified and exploited, such as a seasonal expansion in tourism or the longer growing season in agriculture.",• Climate and En ergy Str ateg y Styria 20 30 plu s Link: https://www.technik.steiermark.at/cms/ziel/128523298/en/,• Development and implementation of regionally tailored development strategies • Awareness raising • Preservation of quality of life • Strengthening regional resilience • Inter-municipal cooperation,,"A15 Energy, housing, technology",Awareness-raising in the area of climate and energy of the regions with a focus on climate change adaptation,constantly,constantly,constantly
AT_022,Caritas Tirol residential umbrella Energy,The Wohnschirm Energie is an Austrian-wide social measure implemented by various social organisations such as Caritas Tirol. Low- income households will be supported to cover their energy costs and avoid energy cut-offs.,"social measures, economic measures, awareness-raising measures",The aim is to prevent heating stoppages in low-income households by taking over energy bills. Energy consultations are also carried out.,€134 million by 2026; financed by federal funds,"Counselling centres of the Caritas, the Red Cross, Diakonie","Prevention of power cuts, energy savings through consultations",2023: Support to 2173 households  Impact report 2023 Caritas Tirol,1 January 2023,at least until 2026
AT_023,Charging infrastructure,"Within the framework of the funding measure ""Promotion of alternative mobility"" of the Bgld. Eco-energy funds also support the construction of charging infrastructure (wallboxes) of private individuals in residential buildings by means of non-refundable subsidies.",Financial support measures,Expansion of charging infrastructure,Bgld Green Energy Fund,Department 9 Main Unit for Housing Promotion,Significantly more electric vehicles and expansion and consolidation of the Lad eInfrastructure.,constantly,,constantly
AT_024,Circular economy,"In Burgenland, 71 intermediate building waste storage facilities are available for the collection and subsequent production of high-quality recycled building materials (cf. Bgld. Waste management plan planning phase 2021 - 2025). The production and use of recycled building materials meets both the waste hierarchy and the objectives of the circular economy.",Resource conservation,Collection and recycling of building materials.,,Dept. 5 – Main Unit for Construction and Environmental Technology,Reuse of recycled building materials,constantly,,constantly
AT_025,City of Innsbruck:Quartiersmanagement Rossau,"The district management Rossau is a low-threshold intersection between all actors in the Rossau economic area. Challenges from local companies are actively taken up and dialogue, transparent knowledge transfer and goal-oriented solutions are put in place. Networks between companies, property owners, politics, the city and municipal institutions, the Tyrol Chamber of Commerce, the Tyrol Site and Energy Agency and other relevant organisations are moderated and managed. The aim is to strengthen Rossau as an attractive and future-oriented economic centre.","Awareness-raising measures, training measures, sustainability measures, cost-effectiveness measures (development of economic strategies)","Location development, sustainable mobility, energy solutions, circular economy, quality of public space, green and open space potential, offers for employees, renovation and new construction",,District management Rossau,Strengthening Rossau as an attractive and future-oriented economic centre,,,constantly
AT_026,City of Innsbruck: Cool-INN; COOLYMP,"Cool places for a cool Innsbruck; cool-INN has already been implemented by the city of In nsbruck, the IKB, the University of Innsbruck and the University of Natural Resources and Life Sciences in Vienna (BOKU). The aim was to achieve an improved quality of the site and the park at the exhibition grounds in Ing-Etzel-Straße. The DDr. Alois-Lugger Square (COOLYMP) in the center of the Olympic Village with the involvement of the population, local clubs and businesses. The adjacent Olympic Park is also included in the plazas. The special challenge lies in the fact that the square is completely underbuilt by an underground car park, which means that innovative ideas are in demand from the population with the help of technical and scientific know-how.","Cooling of so-called heat islands, awareness raising, economic strategies","Creation of a climate-friendly, attractive and safe meeting point for all, cool places for a cool Innsbruck, improved location of the exhibition forecourt and the park at the exhibition grounds, continuation of new ways of waste disposal (underground collection system)",,"City of Innsbruck, University of Innsbruck, representatives of the IIG, Innsbru cker social services ISD",Improvement of the quality of stay of so-called heat islands,Cool-INN has already been implemented; Coolymp construction starts April 2024,Cool-INN: Summer 2022; Coolymp: Spring 2024,2021 - 2025
AT_027,City of Innsbruck: Innsbruck City Climate Analysis,"The urban climate analysis is a comprehensive, systematic actual analysis of Innsbruck's urban climate, was prepared according to the VDI (Association of German Engineers) and supplemented by a summery messkam pagne. On the basis of the urban climate analysis, fresh air and cold air streams, for example, are located in order to be able to protect them more specifically. In addition, the analysis shows which areas of the city are particularly overheated and which local adaptation measures (greening, unsealing, etc.) are necessary.",Awareness-raising and networking action; coordination strategy,Creation of data bases for the climate analysis map and the information map,,"the Office for Urban Planning, Mobility and Integration of the City of Innsbruck",Improving the quality of life and protecting vulnerable groups; maintaining the quality of life despite the already noticeable effects of climate change; despite the increase in heat daysNo significant increase in tropical nights in the city of Innsbruck,Ongoing implementation,Launch of a measurement campaign in 2021,constantly
AT_028,City of Innsbruck: Measures against heat,"Heat poses major challenges for cities in particular. Reasons for this are the compacted buildings, the sealed surfaces and the often low air exchange. Innsbruck already had a total of 25 hit zetage (days above 30 °C) in 2020. This is twice as many hot days as in Salzburg and up to 20 percent more than in Klagenfurt. The modelling also predicts an increase in heat days.","Awareness-raising activities of the population, economic measures","Information for the population, heat warning system, water stations in Innsbruck's establishments",,Urban Climate and Environment Unit of the City of Innsbruck,,,,
AT_029,City of Lienz - 2025 Expansion of PV system,"Lienz has a total of 2,000 hours of sunshine per year and is therefore pre- destined to generate PV and solar energy. By 2025, a first PV system on the roof of Stadtwerke Lienz was reached. Wei Tere to follow.",Expansion of environmentally friendly energy by means of PV and solar,At least 2. PV system on public buildings,"Federal and state subsidies as well as own resources of the municipality, ev. Energy communities",Municipal building office Lienz,"Increasing the number of PV systems, reducing electricity costs",a PV system has already been implemented,,2025
AT_030,City of Lienz - Model house renovation Nordschulzentrum,"In an architectural competition with a total of 10 interested parties, the project of the Upper Carinthian architecture initiative ‘okai’ with Stefan Thalmann prevailed. The refurbishment also includes the redeployment of the premises as well as a new main entrance. Fas saden insulation according to the latest standards and new windows improves the indoor climate","economic measures, energy policy measures",Energy saving,"Federal funds, state funds, own resources Municipality",Building authority Lienz,Reduction of energy and electricity costs,implemented,2023,2025
AT_031,City of Lienz - Participation as a pioneering small town and creation of a Kli maneutrality timetable,"The city of Lienz has been participating in the Pionierkleinstadt programme since 2024/2025 and is preparing a CO2 balance sheet and a Kli maneutralitätsfahrplan as part of it. Existing strategies such as the ISEK, the local foot traffic concept and others are also taken into account. Once completed, projects will be initiated and implemented that support the EU's climate neutrality goal as well as the New European Bauhaus initiative. The aim is to make these European flagship initiatives visible and tangible in the rural region in the heart of Europe.","economic strategy, awareness-raising activities",Implementations in the area of climate neutrality and European Bauhaus,"Federal budget, own resources Municipality","Office of the City of Lienz, Department of Site Development, Department of Economics & Marketing",Lessons learned to achieve the objectives of the climate-neutrality roadmap,in implementation,2023,2023-2025
AT_032,City of Lienz - Pilot sponge city application for trees,"In an Interreg-funded project, a pilot for a sponge city application was implemented in Lienz (Egger Lienz Platz), with the aim of anchoring knowledge in the region and learning from partners (Bruneck and Pieve di Cadore).","economic measures, energy policy measures",Regulation of the sewage system of the city by sponge city principle; cooling of the city center,"EU budget, national budget, Community own resources","Department of Site Development, Economics & Marketing, Department of Forestry and Forestry",Immediate effect,implemented,2024,2024-2025
AT_033,"City of Lienz - Sustainable urban development in Brunico, Lienz and Agordo","In Lienz, existing data sets are standardized and structured. The tool that emerges from this contains other important indicators for sustainable urban development. Further development of the Baumka taster and merging of the raised green spaces.","Training, economic measures",Redesign of the tree cadastre and green space cadastre with additional information for future urban development projects as well as construction projects with regard to climate change and the CO2 balance of the city of Lienz,"Interreg (EU funds), Land funds, Municipality own resources","Department of Site Development, Economics, Marketing, Department of Forestry and Gardens, Stadtwerke Lienz",is only collected,in implementation,2024,2024-2025
AT_034,City of Lienz District heating,"In 2000, the city of Lienz, together with TIWAG-Tiroler Wasserkraft AG and the then Steirische-Fernwärme-GmbH, started the project ‘Heat supply through biomass for the city of Lienz’ as a know-how carrier. Currently, around 80% of households are connected to the district heating network, which corresponds to around 1140 house connections and around 5,300 individual customers.","economic action, environmental action, sustainable energy supply",100% expansion,,"Stadtwärme Lienz, branch TIWAG-Next-Energy/Solutions GmbH",improved air quality; 100% heat supply from biomass,Level of expansion at around 80%,2001,2001 Ongoing
AT_035,Clean heating for everyone,"This funding action is aimed at low-income households in the province of Tyrol, in particular owners of single-family and two-family houses or terraced houses that have their main residence in Tyrol.",Economic support measure,depending on income support up to 75%,2023-2025: €190 million each from federal funds,Office of the Tyrolean Land Government Department of Housing Development,"Switching low-income households to modern, renewable, climate-friendly heating systems",on an ongoing basis (documentation available on the Federal Transparency Portal),2022,2022 to 2027
AT_036,Climate-neutral administration Styria,"Improvement of buildings owned by public bodies, including policies and measures in accordance with Articles 5, 6 and 7 of Directive (EU) 2023/1791",,"Under the project ‘ELENA (European Local Energy Assistance) StyriA’, an investment programme worth EUR 52.9 million is being implemented by the project partners Land Steiermark, LIG and Stadt Graz under the consortium management of the Styrian Energy Agency. This includes comprehensive energy efficiency measures in public buildings, the construction of building-based PV systems and the installation of charging stations for electric vehicles, with the aim of making a significant contribution to reducing greenhouse gas emissions and energy consumption. The objectives of the investment programme are to achieve total annual energy savings of 11 GWh, in particular through thermal renovations and conversion of lighting to LEDs, which corresponds to a reduction of approximately 50% compared to the baseline, and the installation of 13 GWh of renewable energies. This results in a total annual reduction of approximately 4,600 tonnes of CO2 equivalents, representing a reduction of 87% from baseline.",,"Department 2 Central services Department 15 Energy, Housing and Technology Landesimmobiliengesellschaft Steiermark",• Reduction of energy consumption • Improving energy efficiency,constantly,01.04.2023,01/04/2023 to 31/03/26
AT_037,Climate Energy Coaches (KECs),"With its service, the office of the Styrian state government has great potential to implement measures for climate protection and energy saving. With the Climate-Energy-Coaches (KEC for short) we want to use this potential and intensify it in the future. Therefore, a climate-energy coach was nominated for each building of the state administration. With simple, awareness-raising measures, climate protection and energy saving are to be motivated from now on.",Climate and Energy Strategy Styria 2030 plus Link: https://www.technik.steiermark.at/cms/ziel/128523298/en/,Concrete projects in the past have shown that even simple measures can lead to significantly measurable savings in energy consumption and a reduction in energy costs through changes in behaviour.,,"A15 Energy, Housing, Technology - Department of Energy and Housing",Building up competence in the field of climate and energy in the state service. Awareness-raising in the field of climate and energy,constantly,constantly,constantly
AT_038,Climate and Energy Strategy Styria 2030 plus (KESS 2030 plus),"The Climate and Energy Strategy Styria 2030 plus sees itself as a contribution of Styria to the internationally agreed targets in the climate and energy sector. Only if all levels contribute can the ambitious goals be achieved. The strategy forms the basis for an innovative, sustainable, affordable future in the fields of climate protection, climate change adaptation, energy efficiency, renewable energy and energy supply in Styria. Link: https://www.technik.steiermark.at/cms/ziel/128523298/en/",C limate and Energy Strategy Styria 2030 plus The measures set out in th e framework of the KESS 2030 plus are summarised in an action plan for periods of three years. Link: https://www.technik.steiermark.at/cms/ziel/128523298/en/,• TREIBHAUSGASEMISSIONS (Non-emissions trading area) base year 2005) • TOTAL ENERGY CONSUMPTION (base year 2020) • PROPORTION OF RENEWABLE ENERGY (total) • PROPORTION OF RENEWABLE POWER • AIR CONDITIONING,,"State of Styria, Department 15 Energy, Housing and Technology","Achieving Styria's energy and climate targets by 2030, 2040 and beyond • TREIBHAUSGASEMISSIONS -48% by 2030 • TOTAL ENERGY CONSUMPTION -17% by 2030 • Share of RENEWABLE ENERGY 55% by 2030 • Share of RENEWABLE STATE 65% by 2030","The Styria Climate and Energy Strategy has a history that builds on previous climate protection plans and energy strategies. A major milestone was the merging of these parallel concepts into the Climate and Energy Strategy Styria (KESS), which was decided in 2019 to bundle the targets for greenhouse gas reduction, energy efficiency and renewable energies. It was replaced by the new KESS 2030+ strategy, which was presented in 2024 and aims at climate neutrality of the Land administration by 2030. An action plan has been developed to accompany the implementation of the climate and energy strategy. The first action plan 2019-2021 was adopted on 8 August 2019 and concluded at the end of 2021. Following the completion of the second action plan period at the end of 2024, the third three-year action plan 2025-2027, adopted on 3 July 2025, is currently in force. Similar to the strategy document, the 89 measures of the action plan 2025-2027 are divided into seven areas of impact and build on the directions defined therein.",19 September 2024,constantly
AT_039,Climate and Innovation Agency,"The Climate and Innovation Agency of the City of Vienna advises all Viennese and Viennese companies that want to operate renewable energy generation plants on official notification and approval procedures and informs about the most important steps for the construction, commissioning or modification of a plant. It is also the Vienna contact point for all questions relating to energy communities. The Climate and Innovation Agency supports the Wiener Sonnenstrom-Offensive with information, advice and special measures for activating investments in large photovoltaic systems. The services are individual, provider-neutral and free of charge. https://smartcity.wien.gv.at/climate and innovation agency/",technical and promotion law advice,Increasing renewable energy production,,,Increasing renewable energy production,constantly,,constantly
AT_040,Climate and energy model regions,"Kima and Energy Model Regions is a programme of the Climate and Energy Fund. As part of the programme, regional climate protection projects and regional model region management will be co-ordinated. Being a climate and energy model region provides access to a broad network as well as exclusive training, support and funding.",Climate and E nergy Strategy Styria 2030 plus Li nk: https://www.technik.steiermark.at/cms/ziel/128523298/en/,• Renewable energy • Reduction of energy consumption • Sustainable building • mobility,,"A15 Energy, housing, technology",Awareness-raising in the area of climate and energy in the regions,constantly,constantly,constantly
AT_041,Closing skills gaps,"The teaching of new methods and techniques with the aim of ensuring the qualification of professionals. Course for the calculation and control of energy certificates. Basis for the calculation of the energy performance indicators as an essential basis for the preparation of the energy performance certificate in accordance with Directive (EU) 2024/1275, OIB Directive 6, Energy Performance Certificate Template Act 2012 (EAVG 2012) and various state laws",Training and further education measures for specialists in construction,Execution of courses and training courses,,,"Increased professional competence of the participants, implementation of legal and technical standards, contribution to safety, quality and standards conformity in the construction industry",constantly,,constantly
AT_042,"Closing skills gaps and providing targeted support for education, training, upskilling and reskilling opportunities","Closing skills gaps and targeted promotion of education, training, upskilling and reskilling opportunities in the construction sector, energy efficiency and renewable energy (public or private) to ensure that there is a sufficient workforce with an adequate level of qualification to meet the needs of the construction sector, with a particular focus on the under- represented groups. Awareness-raising campaigns and other advisory tools","comprehensive measures and activities of the Oö. Energy Saving Association of the State of Upper Austria, see Energy Academy. www.energiesparverband.at","Putting a lot of people into training. More than 10,000 people are currently qualified in energy-related training in teaching professions, higher technical teaching, the University of Applied Sciences, the Johannes Kepler University Linz and the Energy Academy of the Energy Saving Association.",from the current budget of the Federal Government and the State of Upper Austria,Federal Government and Land,"Expected increase in employment rate, reduction of youth unemployment, improvement of skills and competences of the workforce.",constantly,2010,constantly
AT_043,Construction law,"Construction law: The minimum building law requirements are based on cost-optimality calculations by the OIB (https://www.oib.or.at/richtli- nien/oib-richtlinie-2023/oib-richtlinie-6-kostenoptimalitaet-2024). The currently planned amendment to the Construction Technology Ordinance provides for the following in total: In the course of the current preparation of a future amendment to the Construction Technology Ordinance, the introduction of a ‘renewable bid’ is being examined both for major renovations and for heating exchanges, from which derogations may only be made under strict conditions. In this context, it should also be noted that procedural facilitations are currently being examined, namely the Regulation on free construction projects under preparation, which is intended in future to regulate the conditions under which the construction and modification of heat pumps and the installations required for their installation and operation are to be regarded as free construction projects within the meaning of Paragraph 20 of the Baugeset.",of a technical nature,Cost-optimal minimum energy performance requirements while maximising the deployment of renewable energy sources on the ground,,Department of Building Law and Spatial Planning,,constantly,Usually every 4 years,constantly
AT_044,Construction or renewal of alternative energy plants,"The Land Burgenland is promoting the first-time construction of alternative energy plants including the renewal of existing alternative energy plants and the switch to innovative alternative heating systems (district heating, biomass, WP) via the residential buildings for private individuals. The switch to innovative alternative heating systems (district heating, biomass, WP) out of fossil heating systems is supported by a non-refundable state subsidy of up to € 3,500,-- and can be combined with federal funding measures in this area. In 2023, 2244 and 3408 exchanged heating systems were supported, and in 2023, 1213 and 2024, 1408 newly built or renewed non-fossil heating and hot water treatment systems were supported. Furthermore, the use of non-fossil heating systems is a precondition for the granting of housing loans for new construction and the comprehensive financing of residential buildings.",Financial support measure,phase-out of fossil fuels for the production of space heat by 2040,Bgld. Eco-energy Fund,Department 9 Main Unit for Housing Promotion,Reduction of greenhouse gases in the building sector,constantly,,on an ongoing basis - funding guidelines are adjusted for each funding period.
AT_045,Construction or renewal of alternative energy plants,"The Land Burgenland is promoting the first-time construction of alternative energy plants including the renewal of existing alternative energy plants and the switch to innovative alternative heating systems (district heating, biomass, WP) via the residential buildings for private individuals. The switch to innovative alternative heating systems (district heating, biomass, WP) out of fossil heating systems is supported by a non-refundable state subsidy of up to € 3,500,-- and can be combined with federal funding measures in this area. In 2023, 2244 and 3408 exchanged heating systems were supported, and in 2023, 1213 and 2024, 1408 newly built or renewed non-fossil heating and hot water treatment systems were supported. Furthermore, the use of non-fossil heating systems is a precondition for the granting of housing loans for new construction and the comprehensive financing of residential buildings.",Financial support measure,phase-out of fossil fuels for the production of space heat by 2040,Bgld. Eco-energy Fund,Department 9 Main Unit for Housing Promotion,Reduction of greenhouse gases in the building sector,constantly,,on an ongoing basis - funding guidelines are adjusted for each funding period.
AT_046,Conversion of existing heating systems to district heating connections and modern wood heating systems,Replacement of fossil fuels for heating systems with a total capacity of 2.5 MW,Funding strategy,Increase in the renewable share of heat application,€ 4 million/year,"Dept. 15 – Location, Spatial Planning and Energy",Achievement of the 2.5 MW target,enforcement,1.1.2025,until 31.12.2025
AT_047,Coordination Office for Life Cycle Assessment and Circular Economy in the Building Sector at the Office of the Tyrolean Regional Directorate,"Currently, there are only guidelines and only indirect construction legal requirements on the topic of life cycle assessment and the circular economy in the building sector. Therefore, the expansion of existing networks of life cycle assessment (LCA) and circular economy in Tyrol will be focused. In addition, awareness should be formed for the topics of the circular economy to establish knowledge, training, processes, working methods and promotions and to implement a future construction law requirement transparently and to prepare the construction industry for this change.",Awareness-raising and networking measure; coordination strategy; education and training measure,Conducting interview series with stakeholders on sustainable construction in the building sector and LCA; conducting workshops with stakeholders to disseminate the mentioned topics; training local authorities (municipalities),"120,000 euros (2025-2029) assumed internal staff costs (current budget)","Office of the Tyrolean Provincial Government: Dept. of Central Construction Services, Dept. of Building Construction, Dept. of Housing Promotion; Energy Agency Tyrol",Networking of relevant stakeholders; preparation of the legal introduction of the OIB Directive 7,Creation of a coordination centre; needs assessment,2022,2023 to 2029
AT_048,Cost-efficient renovation concepts for energy-efficient buildings in Tyrol in compliance with the OIB Directive 6,"The OIB Directive 6, which is binding at the state level, is implemented in Tyrol by the Tyrolean Building Code and the Technical Building Regulations in order to increase the energy efficiency of buildings and to ensure uniform standards for sustainable construction. The legal and technical requirements are constantly reviewed and adapted to the state of the art.","legislative action, economic action ₂","Increase the energy performance of buildings, sustainable construction, use of renewable energy, creation of uniform building standards, reduction of energy consumption and CO emissions","Budget appropriations Office of the Tyrolean Provincial Government (Provincial Budget), Bun desmittel, National Funds","Office of the Tyrolean Provincial Government; Department of Housing Promotion, Abbey Building and Spatial Planning","Increased energy efficiency of buildings, sustainable construction, legally binding clarifications for construction projects, state-of-the-art construction","Mandatory implementation of the OIB Directive 6, April 2019 edition on 1 June 2020; binding implementation of the September 2025 edition in 2026",1 June 2020 and June 2026,constantly
AT_049,Decarbonisation of heating and cooling,"Decarbonise heating and cooling, including through district heating and cooling networks, and phase out fossil fuels in heating and cooling with a view to a complete phase-out of fossil fuel boilers by 2040. The implementation of the Renewable Energy Directive (RED III) will drive forward the decarbonisation of heating and cooling. The phase-out of fossil heating in the new building has already been regulated by law. According to the government programme, ""the Federal Government is creating the regulatory framework for a cost-efficient design of the phase-out and switch-over of fossil gas (and oil) in space heat in order to bring greenhouse gas emissions in the building sector to zero"".","Support programmes, legislative measures",Decarbonisation of heating and cooling,from the current budget of the Federal Government and the State of Upper Austria,Federal Government and Land,Decarbonisation of heating and cooling,constantly,since 1994,constantly
AT_050,Decarbonisation of heating and cooling supply through municipal district heating and cooling networks in Innsbruck,"The cooperation between Innsbruck's municipal companies, the city of Innsbruck, TIGAS and TINEXT aims to phase out fossil fuels in heating and cooling, in particular by expanding district heating and cooling networks. The actors work closely together to operate both egg gene real estate and the municipal building stock efficiently and sustainably. Monitoring and annual energy rates at IKB properties as well as the city- wide heating plan Inns bruck form the basis for energy saving and decarbonisation measures. The expansion of district heating, if the infrastructure permits, will be encouraged. Alternative supply solutions are being developed for areas where district heating is not possible.","Legislative, technical, economic and environmental strategies","at IKB own properties by 2030 phase-out of heat generation plants powered by heating oil, the total phase-out of fossil fuels is currently being developed","own investments by the IKB; federal subsidies, state subsidies, EU subsidies; regional added value","Innsbrucker Kommunalbetriebe AG; Consortium of City of Innsbruck, TIGAS, TINEXT, IKB","regional added value, increasing the share of renewable energy, reducing greenhouse gas emissions",a.) implementation; b.) elaboration,a.) in implementation; b.) presumably 2026,a.) planned end of 2030; b.) 2050
AT_051,"Decarbonising heating and cooling, including through district heating and cooling networks, and phasing out fossil fuels in heating and cooling with a view to a complete phase-out of fossil fuel boilers by 2040","Construction law In the context of major renovations, there is a requirement for the use of heating systems based on renewable energy sources. It is considered to extend this bid to the heating exchange. Expansion of local heat: An essential element of the overall strategy Energieautono mie is the expansion of local heat. In each suitable agglomeration, a local heat supply is to be available by 2030, thus providing an alternative to the existing gas supply in densely populated areas. Especially in densely populated areas, alternatives (e.g. heat pumps, etc.) are often difficult to implement. Several plants in Vorarlberg are currently under construction or in planning. Energy Promotion Directive 2025 When fossil fuel heating systems are replaced by heating systems based on renewable energy sources, a Bo nus is granted in addition to the basic subsidy (e.g. total subsidy at EFH: € 4,000). Production can be combined with ‘out of oil and gas’ from the federal government and income is independent. Clean heating for everyone Increased delivery rates with up to 100% of the recoverable costs of replacing fossil fuel-powered heating systems with heaters based on renewable energy sources. Joint funding action by the federal and state governments. Housing promotion Housing promotion specifically promotes the reduction of CO2 emissions when a certain limit value is exceeded in the refurbishment in combination with thermal improvements of the building envelope. As a result, the switch to heating systems based on renewable energy sources is also being accelerated in housing promotion. Implemented for state buildings Part of the large programme Energieautonomie-Vorarlberg (https://www.energieautonomie-vorarlberg.at) is the project Mission Zero V, which was decided in 2018. In point 2, it concluded the following objectives relevant to decarbonisation. There has been an annual report on this since 2020. This shows the energy demand for the individual buildings, divided into the energy carriers. Planned for state buildings In order to further increase the share of renewable energy, the hull renovations should first be carried out in buildings with fossil energy consumption. Together with the refurbishment of the shell, the heating system is also converted to 100% renewable. With a renovation rate of 3% / year and sufficient budget, this should be possible in the next 10 years.",,,,"Department of Building Construction, Department of Energy and Climate Protection",,,,
AT_052,Department of Housing Development Housing Research,"With housing promotion and the associated research activities in the field of housing research, the Department of Housing Development of the Province of Tyrol pursues the goal of creating affordable housing for the population of Tyrol.","economic measure, legislative measure",Promotion of efficient housing units,Budget resources Office of the Tyrolean State Government (state budget),Office of the Tyrolean State Government; Department of Housing Development,"Improving the quality of living, increasing energy efficiency, CO 2- reducing, creating and maintaining jobs",constantly,new funding period start January 2025,constantly
AT_053,Department of Housing Development Office of the Tyrolean State Government,Housing development is a control instrument for many areas of social policy.,"Consultations: technical, economical, ecological","An important social and family policy goal is to provide the Tyrolean population with needs-based, affordable and high-quality housing.",Budget appropriations Office of the Tyrolean State Government,Department of Housing Development Office of the Tyrolean State Government,Creation of affordable and high-quality housing,constantly,,in implementation
AT_054,District heating strategy Salzburg,"Implementation of projects for renewable heat production in the region of 300 GWh (biomass CHP, waste heat, therm. Waste recycling, geothermal energy, otherwise.) Expansion of the district heating supply in the Hallein-Salzburg central area by 150 MW and 200 GWh, respectively Unbundling of natural gas and district heating infrastructure through energy spatial planning, promotion and amendments in construction law Conversion of heating plants from natural gas to renewables",Legislative and economic,"-40,000 tonnes CO2 equivalent/a",,,Reduction of fossil energy imports by €4 million Additional connected load in the central area 150 MW Share of renewable heat generation in the central area >50 % Reduction of natural gas conversion by 200 GWh,,,by 2030
AT_055,Economic Initiative for Sustainable Styria,"The Economic Initiative Sustainable Styria - WIN is the regional programme for operational environmental protection and sustainable economic activities of the Federal State of Styria and the Climate and Energy Fund on behalf of the Federal Ministry of Agriculture, Forestry, Climate and Environmental Protection, Regions and Water Management. WIN offers information, advice and support on the topic of sustainable business for Styrian companies, municipalities, associations, church organisations and educational institutions. Link: https://www.win.steiermark.at/",Climate and Energy Strategy Styria 2030 plus Link: https://www.technik.steiermark.at/cms/ziel/128523298/en/,"The goal is OA. To support target groups through subsidized consulting projects of independent experts in the implementation of measures in the field of environmental and climate protection as well as sustainable economic management and thus to minimize harmful environmental impacts. The supported consulting content includes the promotion of energy efficiency, the switch to renewable energy sources, operational mobility concepts, the reduction of waste, more resource efficiency, the establishment of environmental management systems as well as the preparation of sustainability reports according to international standards.","WIN's budget for advisory support and accompanying measures is around €300,000 / year","A14 - Water management, resources and sustainability in cooperation with WKO Styria","• Information and awareness-raising in the field of sustainability • Promotion of measures on sustainability, environmental and climate protection • Practical support by independent experts (e.g.: analysis of energy consumption, development of energy efficiency concepts or conversion to renewable energy sources) • Documentation of the environmental impact achieved through the ""Measures database of regional programmes"" and external evaluation • Support and advice in the area of further (inventory) funding",constantly,December 2002,constantly
AT_056,Economic Initiative for Sustainable Styria,"The Economic Initiative Sustainable Styria - WIN is the regional programme for operational environmental protection and sustainable economic activities of the Federal State of Styria and the Climate and Energy Fund on behalf of the Federal Ministry of Agriculture, Forestry, Climate and Environmental Protection, Regions and Water Management. WIN offers information, advice and support on the topic of sustainable business for Styrian companies, municipalities, associations, church organisations and educational institutions. Link: https://www.win.steiermark.at/",Climate and Energy Strategy Styria 2030 plus Link: https://www.technik.steiermark.at/cms/ziel/128523298/en/,"The aim of the WIN consulting (Economic Initiative Sustainability) is to support Styrian companies, municipalities and educational institutions in the implementation of sustainability measures in order to unite ecological, economic and social goals. This includes the promotion of energy efficiency, the switch to renewable energies, the reduction of waste and the integration of sustainability into the business model.",,"A14 - Water Management, Resources and Sustainability",• Information and awareness-raising • Promoting sustainability • Practical support • Analysis of energy consumption • Development of energy efficiency concepts,constantly,constantly,constantly
AT_057,Electromobility - Load management systems and charging stations in subsidised housing,"Strengthening smart technologies and infrastructures in buildings for sustainable mobility (charging points, load management systems, e-car sharing systems)",,"Promotional incentives for electric mobility (cars, e-bikes and e-mopeds, load management systems, e-car sharing systems)",,"Department 15 Energy, Housing and Technology","Strengthening smart technologies and infrastructures in buildings for sustainable mobility (cars, e-bikes and e-mopeds, load management systems, e-car sharing systems)",constantly,constantly,constantly
AT_058,Electromobility - load management systems and charging stations,"Strengthening smart technologies and infrastructures in buildings for sustainable mobility (charging points, load management systems)",Climate and Energy Strategy Styria 2030 plus Link: https://www.technik.steiermark.at/cms/ziel/128523298/en/ Climate neutral management Link: https://www.technik.steiermark.at/cms/doku- mente/12985921 _183189798/81f2956f/2016-10-27 _EMOST.pdf State Strategy for Electric Mobility Styria 2030 Link: https://www.technik.steiermark.at/cms/ziel/176228072/EN/,"Load management systems: The purchase and installation of load management systems for residential buildings in Styria with more than 4 apartments or more than 10 parking spaces for motor vehicles is promoted. Intelligent e-charging stations: The purchase of three-phasi gene, intelligent e-charging stations in the form of a wallbox or a la dekabel (mobile charger) with a possible rated power of at least 11 kW is promoted.","Department 15 Energy, Housing and Technology","Department 15 Energy, Housing and Technology","Strengthening smart technologies and infrastructures in buildings for sustainable mobility (charging points, load management systems).",constantly,constantly,constantly
AT_059,Energetic remediation (remediation and decarbonisation regulations 2024 §7),"A one-off non-repayable contribution of EUR 50 per square metre of usable space may be granted in the event of the installation of high- efficiency alternative energy systems or conversion or retrofitting to high- efficiency alternative energy systems. If measures are carried out on the basis of the environmental heat sources geothermal energy and groundwater or waste heat, the one-off non-repayable contribution increases to 80 euros per square metre of usable space. For preparatory measures such as centralisation or the dismantling of gas supply systems, additional amounts per m2 may be paid. In all cases, a maximum total of 35 % of the costs of the eligible remedial measures may be granted.",Financial support measures,Upgrading Viennese building stock to zero-emission heat supply by 2040,subsumed in the budget of the Recovery and Decarbonisation Ordinance 2024,"Business Group for Housing, Housing, Urban Renewal and Women",Reduction of fossil-fuelled heating systems,constantly,,unlimited
AT_060,Energy Academy of the Energy Agency Tyrol,"Through the comprehensive program, the Energie Akademie Tirol offers planners and companies from the construction and ancillary construction industry, professionals, students and end customers comprehensive further education opportunities in the field of construction and building technology, renewable energies and energy efficiency. The Energie Akademie offers a comprehensive range of information and information for a wide range of target groups. The courses range from continuing professional development opportunities such as training as an energy consultant to special training courses for municipalities and companies to information evenings for private individuals. As part of the Tyrol School Initiative, children and young people are playfully prepared for the challenges of the energy transition. The Energie Scout training courses give apprentices the opportunity to implement practical projects in the company. The educational offer ranges from a short online information evening, half- day topic- and subject-specific updates to more days or several weeks of face-to-face training.","Training, awareness-raising activities","Consolidation of energy-related topics among the target groups of private individuals, companies and municipalities",Budget Country of Tyrol,"Energieagentur Tirol GmbH, Bürgerstraße 1-3, 6020 Innsbruck",Raising awareness of the importance of energy and environmental measures,Ongoing education since 1993,,continuous and indefinite
AT_061,Energy Agency Styria GmbH,"The Energy Agency Styria is the competent partner of the State of Styria and supports the central administration in the areas of energy efficiency and future-oriented energy systems as well as in coping with the challenges of climate change. The Energy Agency Styria formerly LEV (LandesEnergieVerein) was founded in 1981 as an ‘association for the promotion of domestic renewable energy sources and energy saving in Styria’. The association saw itself as a hub between management, politics, research and energy consumers. His main concern was to bring together the many lively initiatives on energy efficiency and sustainability as well as corporations and their concepts. Link: https://www.ea-stmk.at",Climate and Energy Strategy Styria 2030 plus Link: https://www.technik.steiermark.at/cms/ziel/128523298/en/,"The climate and energy strategy of the state of Styria is implemented in a demand-oriented and targeted manner through our work together with municipalities, citizens, companies and academia.","Department 15 Energy, Housing and Technology","A15 Energy, Housing, Technology - Department of Energy and Housing","Support of the central administration in the implementation of the climate and energy strategy, consulting services in the field of construction, energy and climate, support and partners in energy-relevant program men such as KEM-QM, e5, e-carsharing, community service as well as partners in the field of energy communities, EU projects, safety check etc.",constantly,constantly,constantly
AT_062,Energy Agency Tyrol,"The Energy Agency Tyrol is the competence for water and energy. As an independent advice centre for the state of Tyrol, it is the competent contact person for all energy, water and resource issues – for private individuals, municipalities or companies.","Consultations: technical, economical, ecological","Support for households at risk of poverty; reduction of energy consumption with current energy costs through on-site consultations, telephone consultations; spatial energy planning and energy supply concepts; improved funding applications",,Energy Agency Tirol Bürgerstraße 1-3 6020 Innsbruck Telephone: 0512 250015 E-Mail: office@energieagentur.tirol Web: www.energieagentur.tirol,Implementation of energy efficiency measures; support for the implementation of climate-friendly regions; improved spatial energy planning and,constantly,,constantly
AT_063,Energy Globe STYRIA AWARD,"The State Energy Globe STYRIA AWARD is the renowned energy, environmental and climate award of Styria. The federal state of Styria, Energie Steiermark and Verkehrsverbund Steiermark jointly award the state prize and thus annually award the best and most innovative Styrian projects in the field of energy, environment and climate.",Climate and Energy Strategy Styria 2030 plus Link: https://www.technik.steiermark.at/cms/ziel/128523298/en/,"Five Styrian headings: • Research: Research projects with a high degree of innovation • Economy and innovation: Innovative measures to decarbonise the economy and industry • Initiatives and municipalities: local commitment to climate, energy and awareness raising • Youth and education: projects by and for young people as well as educational projects • Mobility: Environmentally and climate-friendly solutions for the mobility of the future. Link: https://www.technik.steiermark.at/cms/ziel/147125454/EN",,"A15 Energy, housing, technology",Model effect Styria,constantly,constantly,constantly
AT_064,Energy Master Plan (eMap),Carinthia is to become energy-independent and free of fossil and nuclear energy sources in the heating and electricity sector by 2025 and in the transport sector by 2035. Other objectives are to promote value creation and jobs in one's own country through the use of domestic resources such as sun and wood and to increase the quality of life.,Overarching Master Plan for Energy,"The aim of the eMap Carinthia is to increase the renovation rate of public buildings to 3 percent. If possible, ecological building and insulation materials should be used for the renovations.",from the current budget of the state of Carinthia,"Dept. 15 – Location, Spatial Planning and Energy",The eMap is a guideline for the numerous implementation measures in the energy sector.,constantly,Since 2014,A new energy strategy is currently being worked on (2025).
AT_065,Energy Poverty Coordination Centre,"The Energy Poverty Coordination Centre (KEA) was set up in 2023 as a one-stop shop and competence centre on energy poverty in Austria. kea is a brick-building institution that brings together a wide range of expertise and actors in the fields of energy, climate protection, housing and social issues through its activities. In doing so, it cooperates with various institutions such as social services and relief agencies, public administration at the federal, state and local levels, as well as energy companies and energy consultancies. The tasks, powers and budgetary resources of kea are regulated in the National Energy Efficiency Act.","Governance, legislative and economic (financing)",,€1 million per year from the Climate and Energy Fund,Climate and Energy Fund,Reduction of households affected by energy poverty in Austria through improved coordination of existing and development of additional measures.,constantly,16.07.2023,31.12.2030
AT_066,Energy autonomy 2050,"Full coverage of final energy demand on balance in the annual balance from domestic renewable energy sources. According to the Ti rol solar cadastre as of 2013, there are around 86 million m ² inclined roof areas in Tyrol with a minimum size of 5 m ². 95% of the usable roof areas for use by photovoltaic systems and 5% of the usable roof areas for solar thermal use are to be taken into account.",promotions in economic terms; awareness-raising activities;,Full coverage of final energy demand on balance in the annual balance from domestic renewable energy sources. Upgrading all existing buildings in the country with photovoltaic systems by 2030,,"Office of the Tyrolean State Government: Department of Building Construction; Department of Building and Spatial Planning, Department of Spatial Planning and Statistics Energieagen tur Tirol","Energy autonomy 2050-Full coverage of final energy demand; installations of photovoltaic systems in all state construction projects (new construction and renovation). • Photovoltaic expansion target by 2027: generation of 1,000 GWh/a by 2027 by PV systems on roofs and preferably on paved surfaces",constantly,2014,2014-2050
AT_067,Energy autonomy Vorarlberg,"The country's basic strategy in the field of energy and climate protection is energy autonomy+ (https://www.energieautonomie-vor-arlberg.at). In the Buildings sector, the building-specific dimensions are shown.",includes measures at all levels,The interim targets for 2030: . 50% share of renewable energy sources in final energy demand . 50% reduction in greenhouse gases compared to 2005 . 100% coverage of electricity consumption through renewable energies,from the country's current budget,"various internal departments plus external institutions on the basis of the Landtag, steering committee and programme management",see quantified objective,constantly,since 2009,Current phase for 2020 - 2030
AT_068,Energy certificate Congress,"Providing information to manufacturers of energy certificates, building authorities, developers and other stakeholders in connection with energy certificates. Congress of experts.",Training or further education,Approximately 300 participants per year,,Energy Consulting Salzburg / Office of the State Government of Salzburg Ref 4/04,,,,yearly
AT_069,Energy consulting Burgenland,"On the one hand, EBB GmbH is to provide Burgenland households, businesses and municipalities with subsidised free consultations and solutions in the areas of energy costs, energy efficiency, heat price caps and renewable energy communities. Tasks of EBB GmbH: g) Free energy advice to customers to promote environmental and climate protection; h) support for public authorities in charge of energy matters and support for municipalities in energy matters; i) Concept development and structured planning, as well as support for municipalities to achieve energy independence; j) planning, coordination and implementation of training and further training events for energy consumers, service providers, developers and public institutions; k) Creation of energy concepts, including the collection of concrete offers for (partial) energy solutions; l) support in the commercial implementation of products and services and the commercial identification, exploration and relocation of suitable areas for photovoltaic solutions as part of energy concepts; m) distribution of heat solutions; n) Support for the establishment and management of energy companies.",Awareness-raising through advice and assistance with implementation,"Within the framework of the goals of climate neutrality of the European Union and the Republic of Austria, the Province of Burgenland has made it a priority to implement ambitious goals and future-oriented targets in the context of climate protection and to develop and implement appropriate measures independently as a federal state. An important goal is to make Burgenland the first climate-friendly region in the world. Against this background, the Province of Burgenland has founded Energieberatung Burgenland GmbH (EBB GmbH) in order, in particular but not exclusively, to provide independent advice on sustainable energy management and to advance the energy transition in Burgenland.",,Energy consulting Burgenland GmbH,faster and more accurate measures to achieve the existing targets in accordance with the Climate Protection Act and Climate Strategy 2030,constantly,,constantly
AT_070,Energy consulting Salzburg,"Energy consulting for household customers, communities and institutions; free of charge, on site or by telephone and digital; consulting towards the nearly Zero Energy Building.","Consulting: technical, economical, ecological",,State of Salzburg and Salzburg AG,"State of Salzburg, Office of the State Government of Salzburg, Ref. 4/04",Implementation of measures,constantly,Since 2004,
AT_071,Energy consulting Styria,"The aim of energy consulting is to reduce energy consumption, save costs and increase the energy efficiency of buildings and processes. For this purpose, an energy consultant analyses the energy status, identifies weak points such as poor insulation or inefficient heating systems and develops concepts for renovations, the use of renewable energies or energy-saving measures. Another important aspect is the support in applying for funding. Link: https://www.technik.steiermark.at/cms/ziel/82233481/en/ 15 recognised counselling centres in Styria: https://www.wohnbau.steiermark.at/cms/ziel/182915821/EN/",,,"Department 15 Energy, Housing and Technology","A15 Energy, Housing, Technology - Department of Energy and Housing",Carrying out quality-assured energy consultations for the steiris population in order to achieve an energy-efficient and energy-free building stock.,constantly,constantly,constantly
AT_072,Energy consulting Styria,"The aim of energy consulting is to reduce energy consumption, save costs and increase the energy efficiency of buildings and processes. For this purpose, an energy consultant analyses the energy status, identifies weak points such as poor insulation or inefficient heating systems and develops concepts for renovations, the use of renewable energies or energy-saving measures. Another important aspect is the support in applying for funding. Link: https://www.technik.steiermark.at/cms/ziel/82233481/en/ 15 recognised counselling centres in Styria: Link: https://www.wohnbau.steiermark.at/cms/ziel/182915821/EN/",,,"Department 15 Energy, Housing and Technology","A15 Energy, Housing, Technology - Department of Energy and Housing",Carrying out quality-assured energy consultations for the steiris population in order to achieve an energy-efficient and energy-free building stock.,constantly,constantly,constantly
AT_073,Energy consulting Styria,"The aim of energy consulting is to reduce energy consumption, save costs and increase the energy efficiency of buildings and processes. For this purpose, an energy consultant analyses the energy status, identifies weak points such as poor insulation or inefficient heating systems and develops concepts for renovations, the use of renewable energies or energy-saving measures. Another important aspect is the support in applying for funding. Link: https://www.technik.steiermark.at/cms/ziel/82233481/en/ 15 recognised counselling centres in Styria: https://www.wohnbau.steiermark.at/cms/ziel/182915821/EN/",,,"Department 15 Energy, Housing and Technology","A15 Energy, Housing, Technology - Department of Energy and Housing",Carrying out quality-assured energy consultations for the steiris population in order to achieve an energy-efficient and energy-free building stock.,constantly,constantly,constantly
AT_074,Energy lunch,"he Energy Lunch has been organised by the State of Styria since 2003 as an information and networking event. The Energy Lunch is dedicated to the currently important questions and challenges of the energy transition. The focus is on the exchange of knowledge and the dissemination of innovative solutions. The Energy Lunch enables an open discussion between the experts and the audience. The Energy Lunch is aimed at all people working in the energy, climate and environmental sectors. Link: https://www.ea-stmk.at/eag/energy-lunch/",Climate and Energy Strategy Styria 2030 plus Link: https://www.technik.steiermark.at/cms/ziel/128523298/en/,"The ""Energy Lunch"" is an event of the State of Styria and the Energy Agency Styria, which deals with the challenges of the energy transition. The aim of the event is to promote the exchange of knowledge on innovative solutions and to enable an open discussion between experts and the public. The Energy Lunch is an information and networking event aimed at energy, climate and environmental professionals, which can be attended free of charge.",,"A15 Energy, housing, technology in cooperation with Energie Agen tur Steiermark GmbH",Exchange of knowledge on innovative solutions,constantly,2003,constantly
AT_075,"Energy poverty - Advising low-income households (DoublePlus) Initiative ""DoublePlus 2.0""","The ‘DoppelPlus’ initiative, which has been implemented in Tyrol since 2016, will be continued in the coming years (‘DoppelPlus 2.0’) and is to be anchored in the long term as a provincial programme. By reducing the energy consumption in private households of people at risk of or affected by energy poverty and the associated reduction of greenhouse gas emissions, the initiative not only focuses on climate protection, but also includes a strong social component.","Awareness-raising, awareness-raising measures, promotion of a conscious use of energy and resources",Reduction of energy consumption in households threatened or affected by Energiear courage; promotion of a conscious use of energy and resources and demonstration of concrete possibilities for action,Budget resources Office of the Tyrolean State Government (state budget),Energy Agency Tyrol,Awareness raising; energy savings; tracking the trajectories for the use of energy sources defined in the TIROL 2050 energy target scenario,constantly,2016,in implementation
AT_076,Energy promotion,"The Energy Department of the State of Salzburg promotes the construction, production, optimisation and renewal of biomass",economic,,,,,,,
AT_077,Energy promotion,"The Energy Department of the State of Salzburg promotes the connection to a climate-friendly or highly efficient local/distance heat the installation of high-quality biomass central heating the installation of a high-quality heat pump (water/water, brine/water, air/water, etc.) with a water-guided heating distribution with radiator, wall or underfloor heating and hot water generation for individual objects.",economic,,,,,,,
AT_078,Energy promotion,The Energy Department of the State of Salzburg promotes the construction of high-quality thermal solar systems and the expansion of the collector area.,economic,,,,"In 2040, space heating will be produced 100 percent from renewable energy sources or by district heating.",,,2040
AT_079,Energy promotion,The Energy Department of the State of Salzburg promotes the construction of high-quality grid-connected photovoltaic systems for private farmers holdings,economic,,,,Share of renewable electricity 100 %,,,2030
AT_080,Energy saving in the household: advice and equipment replacement,"The Climate and Energy Fund's Energy Savings in the Household Programme helps households in poverty in Austria to reduce their energy costs. After an initial consultation at Caritas, who will check the energy consumption and discuss concrete savings measures. If necessary, inefficient electrical appliances such as refrigerators, stoves or washing machines can be exchanged for energy-efficient models free of charge. The measure aims to reduce energy costs and, in the long term, to alleviate the financial burden of constant energy prices.",Economic (financing),"8,000 exchanged old appliances per year",€15 million per year from the Climate and Energy Fund,Climate and Energy Fund,Increasing energy efficiency in homes affected by energy poverty through energy-saving advice and replacement of old or broken household appliances.,constantly,23.02.2023,perpetual
AT_081,Energy target scenario Tyrol 2050,"According to the government's decision from 2014, Tyrol is to become energy-autonomous in a yearly manner. In view of the transition to renewable energy sources and the wide range of opportunities offered by the improvement of these technologies, heat pumps and district heating systems are expected to account for the largest share of energy sources. In particular, it is assumed that the heat pump is most commonly used in rural single-family homes, while district heating will play a greater role in multi-family homes.","Legislative, technical, economic and environmental strategies",The state of Tyrol pursues the goal of fully covering the country's energy needs in the annual balance through renewable energy sources by 2050 and making extensive use of domestic energy sources.,,Office of the Tyrolean State Government,Assumption that by 2050 the entire energy system will be switched to fossil-free energy sources,constantly,"May 2021 Decision of the Tyrolean Sustainability and Climate Strategy ""Living with a Future""","2021 to 2030 interim target, interim scenario from 2030 to 2040, period 2021 to 2050"
AT_082,Establishment of one-stop shops or similar mechanisms in accordance with Article 18,"Provision of technical, administrative and financial advice and support by the Energy Saving Association of the Land Upper Austria as a central point of contact","Advising, promoting, informing, networking, researching, training","The aim is to reduce energy costs through energy efficiency, renewable energies and innovation, to give impetus to the economy and to contribute to reducing the environmental impact.",from the current budget of the Land Upper Austria and other public bodies,land,"more energy efficiency and renewable energy, contribution to energy and climate targets",constantly,1991,constantly
AT_083,"Establishment of one-stop shops or similar mechanisms in accordance with Article 18 for the provision of technical, administrative and financial advice and assistance","The legal implementation is in progress and is expected to take place during construction. In fact, consultations are already being carried out today by the Energy Institute (financial support through and cooperation with the Department of Housing Development) and the Department of Housing Development (both housing construction and housing aid).",,in accordance with the requirements of Directive (EU) 2024/1275,,,,,,
AT_084,Exemplary projects: Climate resilient transformation in regions 2024,"The aim of the programme ""Exemplary Projects: Climate-Resilient Transformation in Regions"" is to implement climate change mitigation and adaptation projects at regional level in Austria. The development of multipliable exemplary projects is intended to incentivise follow-up by third parties. The Dissemination of the project results is ensured by the Climate and Energy Fund and the existing, broad network of Climate and Energy Model Regions (KEM) and Kli mawandel Adaptation Model Regions (KLAR!), as well as their mandatory participation. Among other things, the call addresses the focus on energy and mobility poverty. The following energy poverty projects will be implemented: ""Energy heroes in their first home""; ""EnergyStarter-Future Energy Efficiency: Making women fit for climate resilience and preventing energy poverty""",Economic (financing),,"€1.5 million from the Climate and Energy Fund of which per application: > Small projects: max. 36,000 euros (1 year) > Medium-sized projects: max. 66,000 euros (1.5 years) > Large projects: max. 99.000 Euro (2 years)",Climate and Energy Fund,Exploiting synergies between climate change mitigation/adaptation and alleviation of energy and/or mobility poverty,constantly,29.11.2024,Q4 2027
AT_085,Exhibition Building and Living,Information for end customers and professionals,Training or further education,,,Energy Consulting Salzburg / Office of the State Government of Salzburg Ref 4/04,,,,yearly
AT_086,Expanding energy consulting,"The Lower Austrian energy consulting and renovation support by trained energy consultants will be further expanded and adapted and expanded to the prevailing climate and energy situations, taking into account energy poverty in affected households. In addition to the classic, technical aspects, advice on funding plays an important role.",Supported advice,"Increased decarbonisation of the housing stock and transformation towards low- and zero-emission buildings, with a particular focus on energy-poor households and worst-performing buildings.",,Lower Austria Energy and Environment Agency,"Reduction of greenhouse gas emissions, increase of refurbishment rates in the residential building stock.",constantly,constantly,constantly
AT_087,Expansion of renewable electricity infrastructure,"Promotion of photovoltaic and storage systems for private individuals, businesses, farmers and other legal entities. Advice on the implementation of renewable energy projects for private and commercial use, (designation of suitable areas for wind power and PV open spaces Expansion of grid infrastructure Demo projects Sector coupling (Power to X)",Legislative and economic,Expansion of photovoltaics by 500 GWh (expansion of hydropower by 220 GWh expansion of wind power by 250 GWh) Expansion of photovoltaics by 500 GWh Expansion of cogeneration by 80 GWh),,,"Reduction of energy imports by €40 million/a, share of renewable electricity 100%, triggered investments €100 million/a",,,by 2030
AT_088,Funding under the Renovation and New Construction Ordinance,"Within the framework of this support, on the occasion of the construction of the construction project with special ecological, sustainable, resource- conserving, recyclable and climate-friendly quality criteria for the actual construction costs incurred, a non-interest-bearing subsidy loan from the Land may be granted in accordance with the conditions laid down in Section 4(1) and (3), a maximum of EUR 150 per square metre of usable space in total. This also includes the construction of structural constructions such as skeleton construction, suspended facades and resource-saving constructions.",Financial support measures,,subsumed in the budget of the Recovery and Decarbonisation Ordinance 2024,"Business Group for Housing, Housing, Urban Renewal and Women",Increase of practically implemented projects,constantly,2024,constantly
AT_089,Funding within the framework of THEWOSAN funding,"As part of comprehensive renovations, photovoltaic modules can also be recommended for funding by the Renovation and Decarbonisation Ordinance 2024, provided that the electricity is made available to the residents of the building.",Financial support measures,800 MWp by 2030,subsumed in the budget of the Recovery and Decarbonisation Ordinance 2024,"Business Group for Housing, Housing, Urban Renewal and Women",Increasing the share of renewables,constantly,,constantly
AT_090,Greater comprehensive remediation beyond the necessary conservation,"In the course of the renovation of residential buildings and dormitories of non-profit building associations and municipalities, a promotional loan in the course of an extended form (= also indoor and outdoor areas of the building, not only its shell affected) of a comprehensive renovation will also support the construction of infrastructure facilities for alternative forms of mobility.",Financial support measures,,"As part of the refurbishment support, an average of around EUR 50 million is currently budgeted for all supported measures; depending on the total annual budget available for housing development support","Department 11 - Social, housing & labour market",Retrofitting a modern and sustainable mobility infrastructure in social housing in order to stimulate the housing stock to more attractive and climate-friendly mobility.,constantly,01.01.2025,current funding programme from 01.01.2025 to 31.12.2025
AT_091,Grätzlmarie,"For ideas on how you as a resident can design your Grätzl climate or future fit, WieNeu+ has its own idea budget, the Grätzlmarie. https://wieneuplus.wien.gv.at/graetzlmarie",financial support,,from the current budget of the City of Vienna,"Business Group for Housing, Housing, Urban Renewal and Women",Thermal-energetic refurbishment and other technical/social innovations.,constantly,since 2021,by 2031
AT_092,"Heating cost subsidy and support for heating exchange, Woh nsupport, promotion of clean heating for all, special promotion refurbishment for all","The heating subsidy as well as the housing support Styria strengthens and supports vulnerable households in Styria. Link: https://www.soziales.steiermark.at The ‘Clean Heating for All’ funding will help households in single/two-family houses or townhouses to switch from fossil and electricity-powered heating systems to climate-friendly heating systems. Link: https://www.wohnbau.steiermark.at The special funding ""Rehabilitation for All"" supports the renovation of single-family and two-family houses as well as terraced houses for low- income households with the help of federal and state funds. The thermal refurbishment of buildings helps to sustainably reduce the energy consumption of buildings, to save costs when dealing with buildings and to increase the comfort in your own four walls. At the same time, the preservation and sanitation of the buildings conserves material resources, prevents new land claims and strengthens the added value in the Styrian regions. The renovation of buildings takes into account the strategists of the state of Styria in the area of climate and energy and makes a significant contribution to climate protection. Support may be granted only if the criteria laid down in this Directive are met and on the basis of the budgetary resources available. Link: https://www.wohnbau.steiermark.at",Legal implementation - Environmental Promotion Act - UFG Link: https://www.ris.bka.gv.at,"• Heating cost subsidy and support for heating exchange • The housing support is intended to help make access to housing possible for all people in Styria. • The ‘Clean Heating for All’ funding supports low-income households in single/two-family houses or row houses in the transition from fossil and electricity-powered heating systems to climate-friendly heating systems. • The objective of this funding directive is to increase the thermal renovation rate of single-family and two-family houses as well as terraced houses, provided that these buildings are older than 15 years and are owned by low-income households as their main residence.","Department 15 Energy, Housing and Technology Department 11 Social Affairs, Labour and Integration Federal Ministry of Renovation for All","Department 11 Social Affairs, Labour and Integration (heating subsidy, housing support) A15 Energy, Housing, Technology - Department of Energy and Housing",Strengthening and supporting vulnerable households,constantly,constantly,constantly
AT_093,Heating cost subsidy and support for heating exchange,"For low-income households, Energiebera tung NÖ offers special advice on increasing efficiency and promoting it. The Lower Austrian state government has decided to grant a one-off heating cost subsidy in the amount of € 150,- for the heating period 2025/26 for Lower Austrians in need of social assistance. Low-income households in single-family or two-family houses and townhouses can receive up to 100% of the eligible switching costs in order to switch their heating system from fossil (non-renewable) energy sources (e.g. oil and gas). This allows these households to use renewable heating systems such as wood pellets, heat pumps or biogenic district heating. Basic basic competences on “Strengthening and protecting vulnerable customers and reducing energy poverty” are seen as federal competence. For this purpose, a coordination centre for combating energy poverty (kea) was set up at the federal level.",,,,,,,,
AT_094,Home refurbishment and residential refurbishment,"In the interest of climate protection and climate change adaptation, decarbonisation is to be pursued further. The funding and the associated housing promotion measures are intended to facilitate or make affordable the implementation of refurbishment measures. Details on the currently valid subsidies can be found at: Housing Development Home Renovation - Province of Lower Austria Housing Development Home Renovation - Province of Lower Austria",Mandatory energy advice on ‘Clean heating for all’,,,,,Ongoing (see homepage),,
AT_095,Homecoming,"The HAUSKUNFT one-stop shop is the result of the EU-funded RenoBooster project, which aims to facilitate access to information on the refurbishment of residential buildings and thus boost the rate of refurbishment in Vienna as quickly as possible. HAUSKUNFT offers free and independent service for all owners, property managers and planners in Vienna. https://www.hauskunft-wien.at/",technical and promotion law advice,"The thermal-energy renovation is to be further increased, with a focus on the decarbonisation of buildings.",Budget of the City of Vienna,"Business Group for Housing, Housing, Urban Renewal and Women","By pointing out sensible renovation measures in the building sector, investments are to be stimulated, which subsequently have a positive impact on energy efficiency.",constantly,2020,unlimited
AT_096,Homecoming and Residential Fund Vienna,"The _wien residential fund, the Hauskunft and the Climate and Innovation Agency of the City of Vienna regularly hold further training events on the topics of thermal refurbishment and renovation.",Continuing education,Improving the quality of refurbishment and heating changeover,subsumed in the budget of the Recovery and Decarbonisation Ordinance 2024,"Business Group for Housing, Housing, Urban Renewal and Women",Increasing the quality and competence of planners and contractors.,constantly,,constantly
AT_097,Housing allowance,The housing allowance is a subsidy of the Land for tenants of rental properties with an unreasonable burden from the housing expenditure.,Financial support measures,"The support is intended to enable the socially and income-poor to meet their housing needs. The aim is to ensure quality and affordable housing taking into account spatial planning, climate-relevant and ecological aspects as well as social, economic and ecological sustainability.",From the current budget of the Federal Government and the Province of Burgenland,"Division 9 - EU, Society and Promotion",Financial support for private households. A contribution to enable leistba res living.,Ongoing funding programme,,constantly
AT_098,Housing allowance NEW,"The Viennese housing allowance is a classic subject support and strengthens households that suffer particularly from current inflation. It helps people who, despite work and income, can no longer cope with their housing costs. Prerequisite for this is a positive decision for the receipt of the housing allowance New or the rental allowance. https://www.wien.gv.at/amtswege/housing aid application",Financial support (subject support),Support in financial emergencies,Around EUR 40 million per year. Subsumed in the budget for the Vienna Housing Promotion and Renovation Act (WWFSG),"Business Group for Housing, Housing, Urban Renewal and Women",Reduction of financial emergencies,constantly,,unlimited
AT_099,Housing allowance and rent caps as measures for vulnerable households,The Viennese housing allowance is a housing support benefit for all Viennese people who have an income in the amount of the guideline rate as a rule above the guideline rate within the meaning of the Viennese minimum income law and whose housing expenses are unreasonable. This means that housing costs are too high in relation to income.,economic,,from the current budget of the City of Vienna,"Business Group for Housing, Housing, Urban Renewal and Women",Cost reduction in financial hardship cases,constantly,,constantly
AT_100,"Housing promotion, housing construction, home renovation","In the interest of climate protection and climate change adaptation, decarbonisation is to be pursued further. The funding and the associated housing support measures are intended to facilitate or make affordable the implementation of refurbishment measures. Within the framework of housing promotion, there are support measures for the increased use of renewable energies in residential construction. These measures also contribute to the achievement of targets in the building sector. Details on the currently valid subsidies can be found at: Housing Development Home Renovation - Province of Lower Austria Housing Development Home Renovation - Province of Lower Austria",Mandatory energy advice on ‘Clean heating for all’,,,,,Ongoing (see homepage),,
AT_101,Housing promotion,"Both in the area of new building promotion and renovation, the Carinthian housing promotion is incentivized to reduce life cycle greenhouse gas emissions as much as possible. In new construction (small and large construction) there are subsidy bonuses (compliance with certain ecoin dex values) and increases for the subsidy (linked to the OI3 index). In the area of refurbishment, the conveyor rates are increased when renewable insulation materials are used.",Financial support measures,,Incremental amounts and bonuses will be added in the course of the normal new construction or refurbishment. Restructuring support paid out; there is no specific budgetary framework for these measures,"Department 11 - Social, housing & labour market",There should be a reduction in CO2 emissions in residential construction.,constantly,since 01.01.2028 with continuous development,current funding programme from 01.01.2025 to 31.12.2025
AT_102,Housing promotion - Renovation of residential buildings,"The renovation of residential buildings in the residential and multi-storey housing sector is supported by housing development loans from the state of Bur genland. The conditions here are currently: interest rate 0.9% p.a. fixed on 30 years, loan repayment in 60 equal half-yearly installments; The subsidy loan is granted in a graduated amount depending on the scope of the subsidy measures (individual component renovation, energetic renovation (delta promotion), comprehensive renovation). For energy refurbishment measures on the building envelope and heat distribution system as an accompanying measure for the exchange of heating to an innovative alternative heating system (district heating, biomass, WP), a loan with a 100% subsidy rate and a loan of up to € 100,000 can be granted. Details on the funding opportunities are available at Link: https://www.burgenland.at/themen/bauen-/-wohnen- neu/renovation/https://www.burgenland.at/themen/bauen-/-wohnen- neu/sonderwohn- baufoerderungs-Aktion-2025/",Financial support measures,"In the interest of climate protection and climate change adaptation, decabonisation is to be further promoted. The funding is intended to facilitate or make affordable the implementation of renovation measures and to enable resource-saving and energy-saving living. The energy savings achieved should contribute to a reduction in housing costs.",From the current budget of the Federal Government and the Province of Burgenland,"Division 9 - EU, Society and Promotion","substantially reducing fossil fuels, reducing energy consumption in residential buildings, reducing housing costs through energy savings",constantly,,constantly
AT_103,Housing promotion - Renovation of residential buildings,"Several different funding channels (= funding guidelines on ba sis of the K-WBFG) support private, non-profit developers and municipalities in the renovation of residential buildings; concrete support is provided for the insulation of the external walls +window replacement, the insulation of the top and/or bottom floors, the installation of energy-efficient ecological building technology (e.g. heating exchange for non-fossil energy sources), various measures to make existing buildings barrier-free; the aforementioned funding measures are supported both individually and bundled in a ""comprehensive renovation"" (= increased funding rates); for this purpose, both non-repayable one-off grants or grants for 10 years, as well as funding loans are awarded",Financial support measures,"In the interest of climate protection and climate change adaptation, decarbonisation is to be pursued further. The funding is intended to facilitate or make affordable the implementation of renovation measures and to enable resource-saving and energy-saving living. The energy savings achieved should contribute to a reduction in housing costs.","As part of the refurbishment support, an average of around EUR 50 million is currently budgeted for all supported measures; depending on the total annual budget available for housing development support","Department 11 - Social, housing & labour market","substantially reducing fossil fuels, reducing energy consumption in residential buildings, reducing housing costs through energy savings",constantly,01.01.2018,currently 01.01.2025 to 31.12.2025
AT_104,Housing promotion - Renovation of residential buildings,"The state of Styria has been promoting the refurbishment/renovation of existing residential buildings through various subsidies for many years, such as comprehensive refurbishment, comprehensive energy-efficient refurbishment, small refurbishment, renovation, revitalisation of historically important architectural monuments, barrier-free and old right-hand housing, etc. Link: https://www.wohnbau.steiermark.at/",,"In addition to affordable housing, important goals of the renovation subsidies are climate protection and the creation and maintenance of jobs in the construction and ancillary construction industries; the package of measures ranges from the improvement of the thermal quality of the building envelope to the conversion of existing heating and hot water systems to alternative forms of energy and the barrier-free design of existing apartments. By promoting the comprehensive refurbishment and rehabilitation, attractive and affordable apartments are created in the Styrian villages.",,"A15 Energy, Housing, Technology - Department of Energy and Housing",• Affordable housing • Reduction of final energy consumption • Improving energy efficiency • Expansion of renewable energy systems • Energy security • Improvement of building ecology,constantly,constantly,constantly
AT_105,Housing promotion - Renovation of residential buildings,"There are 2 production rails – ‘out of fossil fuels’ and classic refurbishment (private/non-profit etc.) - ‘Out of fossil fuels’ is a temporary incentive scheme with the aim of facilitating the heating transition from fossil fuels to renewable energy sources in the single-family and two-family house sector or to largely reduce the use of renewable energy sources fossil fuels and significantly reduce energy consumption in the building sector; investments in energy- efficient heating systems based on renewable energy sources are supported by a non-repayable one-off subsidy; - In the case of classic renovation funding, either a one-off grant or an annual grant for a period of 10 years will support the installation of energy-efficient, ecological building services for homes with a maximum of two apartments as well as multi-storey residential buildings (i.e.: heating exchange and conversion, thermal solar system, controlled residential ventilation with heat recovery).",Financial support measures,This with the primary goal in the interest of climate protection and climate change adaptation to further advance decarbonization or to enable resource-saving and energy-saving living.,"As part of the refurbishment support, an average of around EUR 50 million is currently budgeted for all supported measures; depending on the total annual budget, the housing support is available.","Department 11 - Social, housing & labour market","substantially reducing fossil fuels, reducing energy consumption in residential buildings, reducing housing costs through energy savings",constantly,First parts introduced with the entry into force of the Housing Promotion Act 2017 on 01.01.2018,current funding programme from 01.01.2025 to 31.12.2025
AT_106,Housing promotion - Renovation of residential buildings,"Support is provided, among other things, for the construction and expansion of thermal solar systems for the production of hot water and/or heat; this with the primary aim of further advancing decarbonisation in the interest of climate protection and climate change adaptation or enabling a resource-saving and energy-saving environment; the support is provided in the form of one-off grants or 10-year grants or a loan; funding guidelines 6 and 7",Financial support measures,,"As part of the refurbishment support, an average of around EUR 50 million is currently budgeted for all supported measures; depending on the total annual budget available for housing development support","Department 11 - Social, housing & labour market","substantially reducing fossil fuels, reducing energy consumption in residential buildings, reducing housing costs through energy savings",constantly,First parts introduced with the entry into force of the Housing Promotion Act 2017 on 01.01.2018,current funding programme from 01.01.2025 to 31.12.2025
AT_107,Housing promotion - Renovation of residential buildings / Energy promotion,"Following the logic of the WBF, measures will be promoted and promoted in the future that fall below the building law requirements (e.g. primary energy consumption, HWB, CO 2emissions).","Funding measures of a financial nature - the specifications are of a technical nature. New construction: The use of a heating system on Ba sis renewable energy sources is legally obligatory. In addition, in the context of the WBF, the combination with a solar system (thermal or PV including predefined minimum system output) is mandatory. Renovation: Total refurbishment bonus (no replacement of an oil or gas heating system with a new oil or gas heating system), CO 2bonus for thermal refurbishment measures. Further measures: see point 3.6.","Housing promotion specifically promotes the reduction of CO2 emissions when a certain limit value is exceeded in the refurbishment in combination with thermal improvements of the building envelope. As a result, the switch to heating systems based on renewable energy sources is also being accelerated in housing promotion. Creation/facilitation of affordable, ecologically/energetically high-quality housing, as high as possible re-densification/renovation, quantifiable by given budget framework, in integrative new construction: more than 450 apartments/year with at least a constant/sin- kender number of housing applications.","According to the respective state estimates (WBF 2025 - financing budget - use of funds in total € 183.6 million), in addition, just under € 43 million in federal funds from the stimulus package ‘Residential space and construction offensive’ (§ 29a(1) FAG 2024). As part of the federal stimulus package ‘Residential space and building offensive’, €8 million of federal funds will be made available for the thermal refurbishment of rented housing for non-profit building associations and pledged in 2024-2026.","Department of Housing Development, Vorarlberg Energy Institute, other research partners","Minimization of energy consumption, decarbonization of energy resources, maximization of renewable energy supply on-site",constantly,Usually every 2 years,constantly
AT_108,Housing promotion Styria,"Within the framework of this funding, the construction of the project can be carried out with special ecological, sustainable, resource-conserving, recyclable and climate-friendly quality criteria.",Climate and Energy Strategy Styria 2030 plus Link: https://www.technik.steiermark.at/cms/ziel/128523298/en/,,,"Department 15 Energy, Housing and Technology",,constantly,constantly,constantly
AT_109,Housing research,"§ 6 (3) K-WBFG enables the Carinthian state government to use housing subsidies for housing research; in praxi, this means that projects are repeatedly initiated that are tailored to the specific needs, with the aim of further developing housing promotion and, in particular, further developing the renovation of the building stock (in social housing).",of a technical nature,,"According to the K-WBFG, currently a maximum of 0.2% of the annual funding","Department 11 - Social, housing & labour market",Resource-saving and energy-efficient improvement of the best residential buildings,constantly,01.01.2018,constantly
AT_110,Housing research,"In addition, studies and implementation concepts for cost-efficient refurbishment concepts are carried out in Vorarlberg. e.g. ‘Südsan’ project: the buildings with 5 or 10 residential units are representative of the market segment of smaller multi-family houses from the 1920s to the 1960s, which accounts for about 13 per cent of residential buildings in Austria. They were almost in their original condition, had very poor thermal insulation and were heated exclusively by individual furnaces and/or direct-electric heating systems. These buildings have been energetically refurbished to a high standard. The refurbishment was accompanied and insights were gained for further refurbishments (https://www.energieinstitut.at/forschung-und- projekte/suedsan-mo- dellsanierungs-in-der-suedtiroler-siedlung-bludenz. Project ‘Building typology multi-family houses in Vorarlberg’ (EIV): Planned follow-up project to KliNaWo for the area of renovation - develop and prepare various renovation variants for the most important MFH building types (multiannual) - gains in knowledge on the design of the future residential renovation directive. Project ‘VOGEWOSI Sanie rung 9er Haus’: Project for the standardised renovation of the ‘9er Haus’ building type, which is widely used in Vorarl berg.",of a technical nature,,,Department of Housing Development & Department of Energy and Climate Protection,Resource-saving and energy-efficient improvement of existing residential buildings,constantly,Usually every 2 years,constantly
AT_111,Housing subsidy - Renovation subsidy,"Within the framework of the funding measures of the Bgld. Housing promotion is based on special incentives for reducing or, as far as possible, reducing life cycle greenhouse gas emissions. As part of the new construction funding of the Bgld. The value of the OI3 index represents an important adjustment factor for the level of support. The lower the value of the OI3 index, the higher the fjord.",Financial support measures,"The use of recycled building materials in connection with the construction, renovation and extension of the lifespan of buildings reduces greenhouse gas emissions and saves primary raw materials.",,Department 9 Main Unit for Housing Promotion,There should be a reduction in CO2 emissions in the building sector.,constantly,,constantly
AT_112,Housing subsidy - Renovation subsidy,"Within the framework of the support measures of the Stmk. Housing promotion is based on the special incentives for the promotion of ecological building materials and components or buildings with the lowest possible life cycle greenhouse gas emissions. For this purpose, construction methods are rewarded with a gerin gen OI3 index with special incentives. Furthermore, those who demand the incentives or obligatory standards such as klimaakti ven https://www.klimaaktiv.at",Climate and Energy Strategy Styria 2030 plus Link: https://www.technik.steiermark.at/cms/ziel/128523298/en/ Housing development Land Styria Link: https://www.wohnbau.steiermark.at,"• Incentives for ecological building materials and installations such as (windows, windows, floors, e-installation) • Incentives for the reduction of life cycle greenhouse gas emissions related to construction • Life cycle greenhouse gas emissions commitments","Department 15 Energy, Housing and Technology","Department 13 Building and Spatial Planning Department 15 Energy, Housing and Technology","Reduction of life cycle greenhouse gas emissions associated with the construction, renovation, operation and end-of-life of buildings in Styria",constantly,constantly,constantly
AT_113,HowNew +,"Together with partners, WieNeu+ develops and accompanies inno vative climate- and future-oriented projects in the area of buildings and energy. WieNeu+ supports particularly forward-looking projects in their implementation. The Grätzlförderung is a funding channel of the City of Vienna / WieNeu+. It offers concrete financial incentives for actors to implement exemplary innovations in the building segment. The implementation of innovative structural and technical solutions is funded with up to 500,000 euros by means of Grätzl promotion. The funding rate for the chosen (future-oriented) measure is between 40% and 60% and depends on the size of the company. Even planning services (preliminary and feasibility studies) for such ideas can be funded with up to 30,000 euros. The funding rate for innovative planning is between 50% and 70%.",WieNeu+ is a 10-year urban renewal program that will be implemented in selected districts in Vienna.,The aim is the best possible sustainable further development of residential areas and buildings.,on the basis of a municipal council decision,"City of Vienna, MA 25 – Technical urban renewal, WieNeu+ programme group and special projects",Affordable and high-quality living. Reduction of CO2 emissions.,"Currently in 3. Target area, out of a total of 5, active",2021,by 2031
AT_114,Identifying cost-effective concepts for renovations,Cost-effective approaches have been identified by identifying cost-optimal minimum energy performance requirements for new and existing buildings (see point 1.15).,Legislative action,Cost-optimal minimum requirements according to OIB Directive 6,From the current budget of the state of Upper Austria,OIB with the participation of the specialist services of the Office of the Oö. Government of the Land,Resource-saving and energy-efficient improvement of the best existing buildings,constantly,"2018, most recently 2024",constantly
AT_115,"Improvement of buildings owned by public bodies, including policies and measures in accordance with Articles 5, 6 and 7 of Directive (EU) 2023/1791","Municipal building permit (KGA) The municipal building card (KGA) is currently being used for all types of buildings relevant to the needs of instruction, such as administrative buildings, compulsory schools, including multipurpose and gymnasiums, cultural halls and nursing homes, as well as for kindergartens, childcare facilities and fire brigade buildings in new buildings and general renovations. Projects with high scores in the KGA receive additional funding. The measures taken by the KGA go well beyond the minimum requirements of building law. Implementation of Articles 5, 6 and 7 of EED III The implementation of Articles 5 (Public sector leadership in the field of energy efficiency), 6 (Exemplary role of public buildings) will be implemented in the framework of the “Draft Assessment: Energy Efficiency Measures Act – Collective Amendment”. The bill is currently under review. Purchase or rental of buildings Article 7 concerns almost exclusively the law on public procurement (Bund). For the jurisdiction of the country, Article 7 is relevant in relation to Annex 4(f) (purchase or rental of buildings). This part is also to be implemented in the law on measures to increase energy efficiency. Construction law To this end, reference should be made to the role model already in force (and currently still in force) of the Land and the municipalities under Section 49a of the Building Technology Ordinance. Furthermore, particular reference should be made to the Act on Measures to Increase Energy Efficiency – Collective Law, which is under review. . In this context, Section 3 of the General Energy Transition Act (measures to increase energy efficiency, renovation obligations, etc.) is particularly important. . Section 15(6) is to be inserted into the Building Act, according to which the aim of the regulation under paragraph 3 (meaning the Building Technology Ordinance), taking into account all other measures, is to ensure that by the end of 2030 the share of energy from renewable sources in the total final energy consumption in buildings is at least 70%. The corresponding transposition measures will be assessed on the basis of OIB Directive 6 (version 2025 – not yet in force). Implemented on state buildings In addition, the MissionZeroV project was adopted in 2018. This includes, under point 2, essential objectives for the improvement of buildings. The Mission Zero V decision and the 2020-2024 reports are publicly available and can be found at the following link: https://www.energieautonomie-vorarlberg.at/zentre/missionze- rov planned for state buildings Development of an implementation plan for the legally enshrined re-",,,,,,,,
AT_116,Improvement of buildings owned by public bodies,"Improvement of buildings owned by public bodies, including policies and measures in accordance with Articles 5, 6 and 7 of Directive (EU) 2023/1791",legislative action in combination with a broad-based training programme of the Oö. Energy saving association and glides with support measures on the part of the state of Upper Austria.,"Objectives set out in Directive (EU) 2023/1791. In addition, the energy- efficient renovation of the Landes buildings (except buildings listed as historic monuments) is to be largely completed by 2030.",from the current budget of the Federal Government and the State of Upper Austria,Federal Government and Land,"Exemplary character of the public buildings in relation to the renovation of the building stock. By 2030, the energy-efficient renovation of the Landes buildings (with the exception of buildings listed as historical monuments) is to be largely completed.",constantly,1994,constantly
AT_117,Improvement of buildings owned by public bodies,"Improvement of buildings owned by public bodies, including policies and measures in accordance with Articles 5, 6 and 7 of Directive (EU) 2023/1791",Climate and Energy Strategy Styria 2030 plus Link: https://www.technik.steiermark.at/cms/ziel/128523298/en/ Climate neutral management Link: https://www.technik.steiermark.at/cms/ziel/179450806/EN/,"Objectives set out in Directive (EU) 2023/1791. In addition, the energy renovation of public buildings (except for buildings worthy of protection) is to be largely completed by 2030.",,"Department 2 Central services Department 13 Building and Spatial Planning Department 15 Energy, Housing and Technology Cities and Municipalities of Styria","• Reduction of energy consumption • Improving energy efficiency • The exemplary character of the public buildings in relation to the occupancy of the building stock. By 2030, the energy efficiency of the Landes buildings (with the exception of buildings worthy of protection) is to be largely completed.",constantly,constantly,constantly
AT_118,Increase in the renewable share of heat application,KPC co-funding,Funding strategy,Increase of the renewable share to over 90% in district heating,€ 4 million/year,"Dept. 15 – Location, Spatial Planning and Energy",Achievement of the 90% target,enforcement,1.1.2025,until 31.12.2025
AT_119,Increasing the share of renewables in district heating and cooling,"After 31. December 2018 is prohibited in the Lower Austrian BO 2014, § 58 (1a) the installation of fossil liquid and solid fuels operated central heating systems in the new building. In the case of fossil gaseous fuels, a ban on installation in new buildings was regulated by the Renewable Heat Act (EWG) from 29 February 2024. The State of Lower Austria is providing co-financing for the promotion of decarbonised district heating supplies within the framework of environmental support in Germany.",,"In the context of district heating support, the phase-out of fossil fuels is planned by 2040.",,,,constantly,,
AT_120,Infopoint for housing improvement,"The City of Vienna offers the opportunity for a personal, invaluable consultation to answer questions about comprehensive refurbishment and possible subsidies in detail. https://www.wien.gv.at/wohnen/infopoint-foerderung-beratung",technical and promotion law advice,"The thermal-energy renovation is to be further increased, with a focus on the decarbonisation of buildings.",subsumed in the budget of the Recovery and Decarbonisation Ordinance 2024,"Business Group for Housing, Housing, Urban Renewal and Women",High-quality planning and implementation of private refurbishments.,constantly,,unlimited
AT_121,Innsbrucker Kommunalbetriebe AG,The Innsbrucker Kommunalbetriebe Aktiengesellschaft (IKB) is the central supply and disposal company of the city of Innsbruck. It ensures that the city's infrastructure functions reliably on a daily basis and is also maintained for future generations.,"Consultations: technical, economical, ecological",Maintaining the central infrastructure of the City of Innsbruck; helping households and businesses to reduce electricity consumption.,Budget of the City of Innsbruck,Innsbrucker Kommunalbetriebe AG Salurner Straße 11 6020 InnsbruckE-Mail: kundenservice@ikb.at Web: https://www.ikb.at/energy/energy consulting,Implementation of energy efficiency measures; improved spatial energy planning and energy supply concepts,constantly,,constantly
AT_122,Installation and conversion/retrofitting of existing heating systems,The City of Vienna promotes the construction and conversion or retrofitting of highly efficient alternative heating systems using renewable energy sources or district heating. https://www.wien.gv.at/amtshelfer/bauen-wohnen/wohnbaufoerde- rung/wohnungsbesser/heizungsinstallationen.html,Financial support measures,Upgrading Viennese building stock to zero-emission heat supply by 2040,subsumed in the budget of the Recovery and Decarbonisation Ordinance 2024,"Business Group for Housing, Housing, Urban Renewal and Women",Reduction of fossil-fuelled heating systems,constantly,,unlimited
AT_123,"""Kärntner Bildungsbaufonds""",The mission of the Fund is to support the statutory school staff in the provision and refurbishment of compulsory school buildings and children's education and care facilities of the municipalities.,The Fund shall prioritise the implementation of training centres or training camps.,Depending on requirements and free conveying volume (perpend. 10-15 projects),"State and municipal funds (45% state share; 55% municipality share) with a total budget of € 12,500,000 for 2025 (€ 11,400,000 for 2026, € 9,200,000 for 2027, € 5,800,000 for 2028)",Department 3 – Sub-Department of Economic Community Supervision and Fund Management,"Optimization of the public building stock: Through the spatial integration of schools and children's education and care facilities of various types, the area can be used to the best possible extent and synergies can be created. Municipal education and care facilities that are no longer required can now be sold.",Ongoing funding programme,"01.01.2023 Kärntner Bildungsbaufonds (formerly and from 2009 Kärntner Schulbaufonds); before that, 3 funding programmes starting in the 1960s",unlimited
AT_124,"""Kärntner Bildungsbaufonds""",The mission of the Fund is to support the statutory school staff in the provision and refurbishment of compulsory school buildings and children's education and care facilities of the municipalities.,The Fund shall prioritise the implementation of training centres or training camps.,Depending on requirements and free conveying volume (perpend. 10-15 projects),"State and municipal funds (45% state share; 55% municipality share) with a total budget of € 12,500,000 for 2025 (€ 11,400,000 for 2026, € 9,200,000 for 2027, € 5,800,000 for 2028)",Department 3 – Sub-Department of Economic Community Supervision and Fund Management,"Optimization of the public building stock: Through the spatial integration of schools and children's education and care facilities of various types, the area can be used to the best possible extent and synergies can be created. Municipal education and care facilities that are no longer required can now be sold.",Ongoing funding programme,"01.01.2023 Kärntner Bildungsbaufonds (formerly and from 2009 Kärntner Schulbaufonds); before that, 3 funding programmes starting in the 1960s",unlimited
AT_125,Labour Market Strategy 2021+ of the Province of Carinthia,"The 2021+ labour market strategy aims to strengthen the labour market in Carinthia, increase the employment rate and reduce youth unemployment. It includes various measures to promote employment, skills and entrepreneurship.",,,"The strategy is an umbrella strategy supported by the various sub- budgets of employee support, TEP and ESF+ funds.","Division 11 – Study group on the labour market of the Province of Carinthia, in cooperation with educational institutions, businesses and social partners.","Expected increase in employment rate, reduction of youth unemployment, improvement of skills and competences of the workforce.","The strategy was presented in 2021 and is currently being implemented. Regular evaluations and adjustments are carried out. By the end of 2025, there should be a new labour market strategy.",01.01.2021,2021-2025
AT_126,Long Day of Energy,"The Long Day of Energy is an event in Styria where various energy venues, such as power plants, heating plants and companies in the energy sector, open their doors to the public.",,,,"A15 Energy, housing, technology",Model effect Styria,constantly,constantly,constantly
AT_127,"Lower Austrian Building Code 2014, § 64 Design of parking facilities for motor vehicles","(3) If a building is erected, enlarged or subjected to a major renovation in the course of which the electrical infrastructure is changed, or if its purpose is changed, the mandatory parking spaces belonging to the building or to the modified or enlarged part of the building are - with a line infrastructure for the subsequent installation of charging points for electric vehicles, consisting of empty conduits or cable cups for electric cables, space reserves for electricity meters and electricity distributors, sufficient dimensioning of the house connection lines and the like; and - provide recharging points for electric vehicles in accordance with paragraphs 4 to 7. (4) In the case of buildings with more than two dwellings, the pipeline infrastructure for the subsequent installation of recharging points for electric vehicles with an output of at least 11 kW shall be established for all obligatory places in the dwellings. (5) For buildings with non-public parking spaces which have more than 10 mandatory spaces for non-residential use: - for at least one parking space per 5 mandatory parking spaces started, establish the line infrastructure for the subsequent installation of recharging points for electric vehicles with an output of at least 22 kW each and - for at least one mandatory parking space, a recharging point for electric vehicles with an output of at least 22 kW.",Building regulations,Increase the number of charging points,,,Retrofitting and upgrading a modern and sustainable mobility infrastructure,,,constantly
AT_128,"Measure GR.1.7 ""Energy and sustainability-relevant fjords for all residential buildings""",The measure Gr.1.7 is part of the Tyrolean sustainability and sustainability strategy of the state of Tyrol and aims to further promote the refurbishment and energy-efficient new construction of residential buildings in Tyrol through targeted fjords.,promotions in economic terms; awareness-raising activities;,"targeted subsidies; the refurbishment and energy-efficient new construction of residential buildings; standardization and improvement of existing funding programmes as well as the ongoing adaptation to current technological and legal developments; The focus is on refurbishments, energy-efficient new buildings as well as the combination of climate protection and spatial planning.",Administration by the Department of Housing Development at the Office of the Tiro ler Provincial Government,"Department of Housing Development, Office of the Tyrolean State Government",Conversion of heating systems from fossil fuels to renewable energies; standardisation and improvement of existing support programmes,constantly,"May 2021 Decision of the Tyrolean Sustainability and Climate Strategy ""Living with a Future""","2021 to 2030 interim target, interim scenario from 2030 to 2040, period 2021 to 2050"
AT_129,Municipal compensation fund,"Funding is provided in the form of non-repayable grants. The performance of GAF funds may be subject to conditions relating to the maintenance or establishment of equilibrium in the house of the municipality or to the purpose of the subsidy. The amount of support is essentially determined by the calculation results of the plinth support system with the corresponding increases and reductions. The subsidy amount according to the base subsidy system with the corresponding surcharges and discounts is calculated net by the deviation of the municipality's financial power head ratio from the national average, by fixed limit values, by surcharges on the calculated GAF subsidy and by increasing the calculated subsidy. Dominating areas of support are compulsory schools, kindergartens, retirement homes, streets, municipal offices and fire brigades.",economic,,Appropriations from the income shares of the municipalities in the Community federal levies,State of Salzburg: Office of the State Government of Salzburg - Department for Touris mus and Municipal Financing,"Incentives for new construction and renovations that support the achievement of the requirements of ZEB even before the legal obligation; the aim of this subsidy supplement is to increase the ecological and energy-efficient quality of construction projects by providing incentives for the use of sustainable building materials and energy-efficient construction methods. The award of award points is intended to promote the planning and implementation of construction projects that have a low environmental footprint and contribute to the reduction of greenhouse gas emissions in the long term. At the same time, the aim is to strengthen resource conservation and sustainability in the construction sector in order to meet the requirements of climate protection and the energy transition.",yearly,current guideline since 1.1.2024,yearly
AT_130,"""Municipal energy accounting – KEB""","This web-based tool simplifies energy accounting and reduces the workload in the municipal administration to a minimum by automatically collecting smart meter data. The digi talen consumption data are imported into the program on a daily basis - independent of the energy supplier. If there is no smart meter, the meter reading can be read and entered using the mobile phone app and QR code on the meter di reckt. In addition to electricity consumption, the KEB also maps consumptions of heat, water and tank filling as well as electricity generation (e.g. PV system). The use of the tool is free of charge for Carinthian municipalities, the KEM regions and individual specialist departments of the state.",Awareness-raising action,Use by all 132 Carinthian municipalities,Financing of development by the Province of Carinthia,"Dept. 15 – Location, Spatial Planning and Energy",Increase in participating municipalities,"As of 1.9.2025, around 100 of the 132 Carinthian municipalities are using the program",2020,From 2020 to today
AT_131,Municipal energy plan,"Benefits of the Municipal Energy Plan for municipalities in the context of EED III (Articles 5 and 6) The Energy Efficiency Directive (EED III) requires municipalities to implement measures to improve energy efficiency. A structured energy concept specifically supports municipalities in complying with these regulations and at the same time brings environmental and economic advantages. 1. Public bodies must reduce their energy consumption by at least 1.9% per year (Article 5) 2. As of October 2025, at least 3% of heated/cooled public buildings >250m ² must be refurbished to nearly zero-energy buildings per year (Article 6) The energy concept helps by: a) Systematic recording and analysis of the energy consumption of public buildings using software; b) Identification of recovery needs and prioritisation of efficiency measures; c) increase energy savings through targeted optimisation and modernisation; d) Compliance with the recovery rate by planning and documenting measures in cash; e) integration of renewable energies to reduce reliance on fossil fuels; f) Transparent reporting to meet legal requirements wisely. A holistic energy concept makes it easier for municipalities to implement the EED III Directive by enabling structured planning, optimisation and control of energy-saving measures. As a result, not only legal requirements are met, but also long-term cost savings and sustainability goals are achieved.",Advantages of an economic and ecological nature,The Energy Efficiency Directive (EED III) requires municipalities to implement measures to improve energy efficiency. A structured energy concept specifically supports municipalities in complying with these regulations and at the same time brings environmental and economic advantages.,,Energy consulting Burgenland,Assistance in the planning and implementation of effective concepts.,constantly,,constantly
AT_132,Municipal service Styria,"The community service serves as a contact point to advise and support communities in the implementation of sustainable projects. As a knowledge and consulting hub for topics relating to energy and climate at the municipal level and the associated combination of competencies, the municipality is further strengthened as a strong partner in the implementation of climate and energy goals. In this way, a sustainable and green Styria is to be ensured together. More information can be found at www.gemeindeservice-stmk.at",Climate and Energy Strategy Styria 2030 plus Link: https://www.technik.steiermark.at/cms/ziel/128523298/en/,Support of the municipalities in Styria in the implementation of the state strategies including climate and energy strategy as well as the use of the platform as a knowledge and networking hub.,,"Department 15 Energy, Housing and Technology",Improving energy efficiency Expansion of renewable energies Platform as a knowledge and networking hub,constantly,constantly,constantly
AT_133,Municipality of Vils: Photovoltaic installation with battery storage City Hall and kindergarten,a photovoltaic system with 20 kWp and 15 kWp power (both with battery storage) was installed by the municipality of Vils near the town hall and the Kin dergarten.,economic policy measure; awareness-raising measure,"Own-account electricity, electricity cost reduction","Own resources, allocation of needs, loans, provincial or federal financing",Municipality of Vils,"Improvement of infrastructure, citizen awareness, reduction of energy costs",implementation,2024,2024-2025
AT_134,National minimum energy performance standards,"The minimum thresholds for non-residential buildings required by Article 9 have been incorporated into OIB Directive 6, Edition Septem ber 2025. Due to the lack of national coordination (with regard to trigger points and interference with existing law) and the implementation obligation only as of May 2026, there are still no concrete implementation strategies for the residential building stock.",,,,,,,,
AT_135,National minimum energy performance standards referred to in Article 9,"The establishment of thresholds for new and renovated zero mission buildings (see point 5) and minimum energy performance standards for non-residential buildings (see point 6) set national minimum standards. As regards financial incentives for renovation, see point 3.3 (with the aim that renovations will benefit tenants through reduced operating costs). As far as protection is concerned, there are, for example, rent subsidies/housing allowances or upper limits for rent increases (rent price caps) in Austria.","Federal and state funding programmes, legislative measures",Renovation of the worst building stock in accordance with the provisions of Directive (EU) 2024/1275 and long-term renovation of the nati onal stock of residential and non-residential buildings into a highly energy efficient and decarbonised building stock by 2050 with the aim of converting existing buildings into zero-emission buildings.,from the current budget of the Federal Government and the State of Upper Austria,Federal Government and Land,"Renovation of the national housing and non-residential stock into a highly energy efficient and decarbonised building stock by 2050, with the aim of converting existing buildings into zero-emission buildings.",constantly,Ongoing since 2007,constantly
AT_136,National requirements for non-residential buildings according to OIB guideline 6 (energy saving and thermal insulation),"National minimum standards were set out in the OIB Directive 6, September 2025 edition, under point 5 ‘Minimum standards – Article 9 thresholds’.",Legislative action,"The gradual renovations of the non-residential building stock and the residential building stock will have to be legislated in accordance with the thresholds required. The legislative implementation of the OIB Directive 6, issue September 2025, is to take place in the Burgenland Building Ordinance.","With regard to financial incentives, reference may be made to the implementation of point 3.3.",Implementation in the respective state law,Reduction of final energy consumption,constantly,,constantly
AT_137,National requirements for non-residential buildings according to OIB guideline 6 (energy saving and thermal insulation),"National minimum standards were set out in the OIB Directive 6, September 2025 edition, under point 5 ‘Minimum standards – Article 9 thresholds’. Implementation is carried out in the building technology regulations of the Länder. Link: https://www.oib.or.at/",Legistic implementation: § 82 Stmk. Building Act in conjunction with the Stmk. Building technology ordinance,,,Implementation in the respective state law,"Reduction of final energy consumption, improvement of energy efficiency","The adoption of the Construction Technology Ordinance for the binding declaration of the OIB Directive 6, issue September 2025, is planned in the first half of 2026.",open,open
AT_138,National requirements for non-residential buildings according to OIB guideline 6 (energy saving and thermal insulation),"National minimum standards were set out in the OIB Directive 6, September 2025 edition, under point 5 ‘Minimum standards – Article 9 thresholds’. Implementation is carried out in the building technology regulations of the Länder. https://www.oib.or.at/wp-content/uploads/oib-rl _6 _september _2025.pdf",legislative,,Non-budgetary,Implementation in the respective state law,Reduction of final energy consumption,constantly,Current 2024 edition,constantly
AT_139,Network Energy consulting Styria,"The Network Energy Consulting Styria should offer a clear orientation help and optimize the quality of the energy consulting! The training and further education for the consultants is carried out in accordance with the guidelines of the ARGE EBA (Arbeitsgemeinschaft Energieberater:innen- Ausbildung) of the Austrian federal states. In Styria, this training has been extended and improved in cooperation with WIFI Styria.",,,,"A15 Energy, housing, technology",Improving the quality of advice Implementation of energy efficiency measures Increase in the share of renewables in Styria,constantly,constantly,constantly
AT_140,OIB document proving the cost-optimal nature of the requirements of OIB Directive 6 pursuant to Article 5 of 2010/31/EU – Second revi sion after 10 years of 30 January 2024,It will be examined whether the cost-optimality calculations of the OIB (https://www.oib.or.at/Directives/oib-Directives-2023/oib-Directive-6- cost- optimality-2024) can be transposed into Land law by means of the amendment of the Lower Austria BTV 2014.,,,,,,,,
AT_141,OIB document to demonstrate cost optimisation,"In accordance with the requirements of Directive (EU) 2024/1275, the OIB calculates cost-optimal levels of minimum energy performance requirements every 5 years. These are the basis for all requirements laid down in the Building Act and funding guidelines. Link: https://www.oib.or.at/",Legal implementation Styrian Building Act (Steiermärkisches Baugesetz) Link: https://www.ris.bka.gv.at/ Styrian Housing Promotion Act 1993 Link: https://www.ris.bka.gv.at,cost-optimal technical-energetic building renovation,"Department 15 Energy, Housing and Technology",Implementation in the respective state law,Cost-optimized technical-energetic building renovation and new construction • Reduction of final energy consumption • Improving energy efficiency,• Expansion of renewable energy constantly,Current 2024 edition,constantly
AT_142,OIB document to demonstrate cost optimisation,"In accordance with the requirements of Directive (EU) 2024/1275, the OIB calculates cost-optimal levels of minimum energy performance requirements every 5 years. These are the basis for all requirements laid down in the building regulations and funding guidelines. Link: https://www.oib.or.at/",Technical and economical,,,Implementation in the respective state law,cost-optimal technical-energetic building renovation and new construction,constantly,Current 2024 edition,constantly
AT_143,Obligation under building law,"According to Section 118(3b), new buildings, with the exception of residential buildings and buildings which serve exclusively or predominantly educational purposes, shall be constructed using solar energy sources on building surfaces with a peak rated output of at least 1 kWp per 100 m ² conditioned gross floor area or other technical systems for the use of environmentally friendly energy sources with the same output on the building.",Legislative building regulation,Increasing the share of renewables,,"Business Group for Housing, Housing, Urban Renewal and Women",Increasing the share of renewables,enforcement,,constantly
AT_144,On-site energy consulting for residential buildings (netEB),The aim is to reduce energy consumption and switch to renewable energy sources in residential buildings and apartments.,Financial support measure,"According to the energy master plan Carinthia, the goal is 7,000 energy consultations per year.",approx. €2 million in 2024,"Dept. 15 – Location, Spatial Planning and Energy","Carinthian households are supported in the course of energy consulting in the conversion to renewable energy sources and the sustainable reduction of energy demand. The main topics of the on-site consultations are the improvement of the thermal insulation of the building envelope, the optimisation/renewal of the heating system (in particular ""out of fossil fuels""), the use of solar energy (photovoltaics), the avoidance of summer overheating and tips for saving electricity. The recommendations are company- and product-neutral and are summarized in a protocol with the reference to possible funding agencies and stored in a country database.",constantly,2009,constantly
AT_145,Optimization of existing heating systems,"In addition to thermal-energetic refurbishment, the optimisation of building services technology is an essential aspect for better energy efficiency and thus cost reduction in the room heating sector. In addition, this can usually be implemented with relatively small resources. However, if a building technology optimization is not carried out, theoretically calculated energy savings can often not be achieved in practice before initiated house renovations. Implementation-oriented solutions have been developed in the Da geht no was project. https://www.wien.gv.at/special/wieneuplus-innerfavorites/building-and- energy/da- geht-no-was-house technology optimisation/",Awareness-raising action,Energy efficiency increase of central heating systems,from the current budget of the City of Vienna,"Business Group for Housing, Housing, Urban Renewal and Women","Increased energy efficiency, especially in thermally refurbished buildings.",constantly,,constantly
AT_146,Phase out oil boiler,Promoting the transition from fossil-fuel heating systems to renewables Energy sources for private and commercial use Creation of support measures for low-income households Intensification of energy advice for households and businesses to avoid switching from oil to gas as much as possible,Legislative and economic,"-184,000 tonnes CO2 equivalent/a",,,"Replacement of 26,000 oil boilers Reduction of fossil energy imports of heating oil by €28.5 million/a Reduction of heating costs for households by €20 million/a",,,by 2030
AT_147,Phase out oil boiler,Promoting the transition from fossil-fuel heating systems to renewables Energy sources for private and commercial use Creation of support measures for low-income households Intensification of energy advice for households and businesses to avoid switching from oil to gas as much as possible,Legislative and economic,"-184,000 tonnes CO2 equivalent/a",,,"Replacement of 26,000 oil boilers Reduction of fossil energy imports of heating oil by €28.5 million/a Reduction of heating costs for households by €20 million/a",,,by 2030
AT_148,Pilot study analysing existing contact points as one-stop-shops for energy poverty reduction consultations,"The aim of the project is to carry out a pilot study on the implementation of one-stop shops to combat energy poverty in the Bun desländer. Specifically, a guideline including four to five exemplary federal state concepts is to be developed to support the federal states (Module 1). Furthermore, the client is guided in the development of stakeholder- coordinated support packages (Module 2).",Pilot study,,"Total costs: Module 1: € 62.480,00 Module 2 (optional): € 31,168.80 from the Climate and Energy Fund",Client: Coordination Centre for Combating Energy Poverty / Climate and Energy Fund Contractor: Umweltbundesamt GmbH,The pilot study is to evaluate the status quo and work on practical implementation routes for the implementation of OSS in the federal states that meet the requirements of the EU directives. The implementation paths for OSS are illustrated using the pilot example of four to five different federal states in Austria. The objective is to ensure that the OSS is accessible to vulnerable and low-income households.,constantly,01.08.2025,31.03.2026
AT_149,Preparatory infrastructure measures for e-mobility,Promotion of preparatory infrastructure measures for e-mobility,"Awareness-raising measures, cost-effectiveness measures","Promotion of e-mobility, promotion of economic efficiency",Budget Country of Tyrol,Department of Housing Development; Office of the Tyrolean State Government,Facilitating the achievement of the electromobility target,Ongoing implementation,,
AT_150,Prevention and high-quality treatment of construction and demolition waste,"Prevention and high-quality treatment of construction and demolition waste in accordance with Directive 2008/98/EC of the European Parliament and of the Council of 19 November 2008 on waste and repealing certain Directives, in particular with regard to waste management, and the objectives of the circular economy In Austria, the Recycling Building Materials Ordinance – RBV has created a very essential toolbox to ensure the widest possible reuse of construction and demolition waste, as far as possible in line with environmental protection rules. The competent ministry is currently in the process of drawing up a ‘Bo denausggerverordnung’, which pursues the same objectives as the RBV with regard to the excavation and removal materials generated as waste in the context of construction activities and is intended to supplement them. Measures and strategies were mainly • in the Austrian Circular Economy Strategy 2022; Chapter 4.1. Construction industry and infrastructure • in the 2023 Austrian Waste Prevention Programme in Table 1: Catalogue of measures in the ‘Construction’ action area, which is part 3 of the 2023 Federal Waste Management Plan; • in the Upper Austrian State Waste Management Plan 2024, Chapter 5 ‘Objectives and Measures’, Table ‘4.6. Waste from construction’.","support programmes, legislative measures, education and training measures, Awareness-raising activities",according to Recycling Building Materials Ordinance - RBV,from the current budget of the state of Upper Austria,Federal Government and Land,"Prevention, reuse, recycling and high-quality treatment of construction and demolition waste",constantly,Ongoing since 2015,constantly
AT_151,Prevention and high-quality treatment of construction and demolition waste,"Prevention and high-quality treatment of construction and demolition waste in accordance with Directive 2008/98/EC of the European Parliament and of the Council of 19 November 2008 on waste and repealing certain Directives, in particular with regard to waste management, and the objectives of the circular economy. In Austria, the Recycling Building Materials Regulation was created with the aim of promoting circular economy and material efficiency, in particular the preparation for the reuse of components and ensuring a high quality of recycled building materials, in order to promote the recycling of construction or demolition waste within the meaning of EU law targets. Measures and strategies were mainly • in the Austrian Circular Economy Strategy 2022; Chapter 4.1 Construction and infrastructure; • the Austrian Waste Prevention Programme 2023 in Table 1: Catalogue of measures in the ‘Construction’ action area, which is part 3 of the 2023 Federal Waste Management Plan; • State Waste Management Plan Styria 2024, Link: https://www.abfallwirtschaft.steiermark.at/cms/bei- trag/10177492/136114083 • The Styrian Building Residual Mass Guide, Link: https://www.abfallwirtschaft.steier- mark.at/cms/ziel/04374056/EN • Housing promotion Styria",S tate Waste Management Plan Styria 2024 Link: https://www.abfallwirtschaft.steiermark.at/cms/bei- trag/10177492/136114083 Climate and Energy Strategy Styria 2030 plus Link: https://www.technik.steiermark.at/cms/ziel/128523298/en/ Housing promotion Styria Link: https://www.wohnbau.steiermark.at,Link: https://wwwwohnbausteiermarkat Hierarchical deepening of the waste hierarchy • Waste prevention • Preparation for reuse • recycle • Other recovery,"Department 15 Energy, Housing and Technology Department 14 Water Management, Resources & Sustainability","Department 13 Environment and Spatial Planning Department 14 Water Management, Resources & Sustainability Department 15 Energy, Housing and Technology",The aim of the regulation is to prevent and treat construction and demolition waste in the highest possible quality.,"Ongoing addition and update of the Styrian Building Remains Guide, most recently e.g. Guide for municipalities: ""The implementation of the circular economy in construction"" (2023); 28 new technical information sheets on ecologi cal building materials (2024/25).",constantly,constantly
AT_152,Preventive measures to reduce and eliminate market barriers and market failures,The aim is to address market barriers and market failures in the construction sector through central contact points and training centres providing the training and further training offered.,"Awareness-raising measures, cost-effectiveness measures",Avoidance of market barriers and market failures in the construction,"Budget from Landing Resources, Budget WKO; Own Resources Training Institutions","Energy Agency Tyrol, Austrian Chamber of Commerce, Federal Forestry Institute",Minimization to avoid market barriers and market failures,Ongoing implementation,,
AT_153,Program SUSA II (School Rehabilitation Program),The thermal-energetic refurbishment of schools at a rate of up to 80% of the total costs is supported.,Financial support measures,Thermal-energy renovation of 50 school buildings,Around €700 million,"Business Group for Housing, Housing, Urban Renewal and Women","mainly the reduction of fossil fuels, the reduction of energy consumption in school buildings and the repair of buildings with desubstance.",constantly,2018,perpetual
AT_154,Programme - DoTank Circular City Vienna 2020-2030,,Implementation programme,,,"Magistrates' Directorate, Buildings and Technology Division, Department for Resource Conservation and Sustainability in Construction",Circular planning and construction is standard in the city of Vienna,constantly,2020,by 2030
AT_155,Programme IKA 45 (Vienna Office Building),"Here, the thermal-energetic overall remediation or individual thermal measures are promoted.",Financial support measures,,Around €50 million per year,"Business Group for Housing, Housing, Urban Renewal and Women","mainly the reduction of fossil fuels, the reduction of energy consumption in official buildings and the repair of buildings.",constantly,2025,2025 - 2045
AT_156,Programme – Get out of gas,"Vienna wants to become a climate model city by 2040. In order to achieve this, the heat supply in buildings must also become independent of fossi len energy sources such as oil, gas and coal. In concrete terms, this means that district heating or solutions based on renewable energies are needed for heating around 600,000 households and around 260,000 cooking gas appliances, which together currently account for almost 90 percent of CO2 emissions in the Viennese building sector. https://www.wien.gv.at/environment/programme-out-of-gas",Implementation programme,Upgrading Vienna's building stock to zero-emission heat supply by 2040.,subsumed in the budget of the Recovery and Decarbonisation Ordinance 2024,"Business Group for Housing, Housing, Urban Renewal and Women",Emission-free heating by 2040,constantly,2022,constantly
AT_157,Project RENOWAVE.AT,"The innovation laboratory RENOWAVE.AT will act as a one-stop-shop for cooperation on innovation projects and provide and promote systematic and early access to innovative, scalable refurbishment concepts and sustainable refurbishment technologies in real development environments (Open Innovation Principle).",,"The aim is to double the annual energy renovation rate of buildings by 2030 and this requires extensive renovation work. In doing so, RENOWAVE.AT positions forward-looking refurbishment technologies, the development and implementation of comprehensive solutions for a greenhouse gas-neutral building stock and their potential/effects for solving future challenges (energy transition, financing, etc.), promotes the development of the smart city and implements associated awareness- raising measures. RENOWAVE.AT is a long-term and continuous source of inspiration for the realization of many building renovations and several renovated districts throughout Austria. The topics and contents are processed and advanced in the organizational form of a cooperative. RENOWAVE.AT builds on and supports existing structures in Austria.",,"Federal Ministry for Innovation, Mobility and Infrastructure (BMIMI) Funded by the State of Styria, Department 15 Energy, Housing and Technology",New impetus for the highly efficient energy-efficient refurbishment of residential buildings and quarters,constantly,27 October 2023,constantly
AT_158,"Promoting district and neighbourhood concepts and integrated renovation programmes at district level that can take into account issues such as energy, mobility, green infrastructure, waste and water treatment and other aspects of urban planning such as local and regional resources, circular economy and sustainability",District and district development concepts that take into account issues such as energy (in particular district heating) and mobility (in particular charging points for electric mobility) are currently supported by the Department for Construction Law and Spatial Planning.,,,,,,,,
AT_159,Promoting major renovations of buildings,"In Upper Austria, housing subsidies support the extensive renovation and gradual renovation of buildings; see e.g. https://www.landoberoesterreich. gv.at/12819.htm. The Land Upper Austria also promotes the thermal renovation of buildings to improve thermal insulation for commercial buildings; see https://www.land-oberoesterreich.gv.at/187193.htm.",Federal and state funding programmes,extensive renovations,from the current budget of the Federal Government and the State of Upper Austria,Federal Government and Land,"Renovation of the national stock of residential and non-residential buildings into a highly energy efficient and decarbonised building stock by 2050, with the aim of converting existing buildings into zero-emission buildings.",constantly,Ongoing since 2003,constantly
AT_160,Promoting modular and industrialised solutions for construction and building renovation,"Housing promotion currently, the support system is not specifically geared to this (directly - indirectly, possibly via cost ceilings). Housing research Project ‘Südsan’: The buildings with 5 and 10 residential units respectively are representative of the market segment of smaller multi-family houses from the 1920s to the 1960s, which accounts for about 13 percent of residential buildings in Austria. They were almost in their original condition, had very poor thermal insulation and were heated exclusively by individual furnaces and/or direct-electric heating systems. These buildings have been energetically refurbished to a high standard. The refurbishment was accompanied and insights were gained for further refurbishments (https://www.energieinstitut.at/forschung-und- projekte/suedsan-mo- dellsanierungs-in-der-suedtiroler-siedlung-bludenz. Project ‘Building typology multi-family houses in Vorarlberg’ (EIV): Planned follow-up project to KliNaWo for the area of renovation - develop and prepare various renovation variants for the most important MFH building types (multiannual) - gains in knowledge on the design of the future residential renovation directive. Project ‘VOGEWOSI Sanie rung 9er Haus’: Project for the standardised renovation of the ‘9er Haus’ building type, which is widely used in Vorarl berg.",,,,,,,,
AT_161,Promoting smart technologies and infrastructures in buildings for sustainable mobility,"There are different subsidies, e.g. in Upper Austria the support for the construction of a charging infrastructure for multi-storey residential construction.",Funding programmes,in accordance with the AFIR Regulation ((Alternative Fuels Infrastructural Regulation (EU) 2023/1804),from the current budget of the Federal Government and the State of Upper Austria,Federal Government and Land,According to AFIR Regulation,constantly,2015,constantly
AT_162,Promoting smart technologies and infrastructures in buildings for sustainable mobility,"encouragement ‘Charging infrastructure in existing multi-apartment buildings’ means promoting the retrofitting of charging infrastructure for e-mobility in existing multi-apartment buildings. Including the retrofitting of car-sharing pitches. Construction law . It examines the need to adapt Sections 41c and 41d of the Construction Technology Ordinance to the requirements of Article 13 of Directive (EU) 2024/1275 (technical building systems). . Furthermore, an adaptation of Section 42a of the Construction Technology Regulation with regard to Article 14 of Directive (EU) 2024/1275 on sustainable mobility) and an adaptation of the parking space regulations with regard to the necessary parking spaces for electric vehicles and (electric) bicycles will be examined.",,,,,,,,
AT_163,Promotion of district and neighbourhood concepts and integrated renovation programmes at district level,"Promote district and neighbourhood concepts and integrated renovation programmes at district level that can take into account issues such as energy, mobility, green infrastructure, waste and water treatment and other aspects of urban planning, as well as local and regional resources, circular economy and sufficiency. In Austria there are different subsidies for district and neighbourhood concepts and integrated renovation programmes at district level, e.g. in Upper Austria the promotion of village development- means for planning, refurbishment and design measures. The Upper Austrian Housing Development Fund has taken several measures to promote sustainable housing development. A separate funding channel is dedicated to the re-consolidation of existing residential buildings and housing estates. This will enable more efficient use of urban and already sealed areas and create new living space without sealing additional soil.",Support programmes and legislative measures,The goal is the best possible sustainable further development of existing buildings.,from the current budget of the state of Upper Austria,land,more sustainable urban and local areas,constantly,Since 1986 and ongoing,constantly
AT_164,Promotion of district heating connections and co-financing,"District heating support Co-financing Funding for commercial heating and cooling is provided to all companies and other business organisations. In addition, associations and denominational institutions can also submit applications. Link: https://www.wohnbau.steiermark.at / https://www.umweltfoerderung.at/betriebe/wkv/subcategory-waerme-",,District heating support Co-financing • Heat generation plants or waste heat extraction systems for feeding heat • Refrigeration plants for feeding in refrigeration • New construction and expansion of heat distribution networks based on climate-friendly or highly efficient district heating • Refrigeration distribution networks • Heat generation plants including heat distribution network for internal operational heat supply • Heat generation plants including heat distribution network for heat supply Third parties • Renewal or optimisation measures of production plants • Reconstruction and decarbonisation,,"A15 Energy, Housing, Technology - Department of Energy and Housing",Decarbonisation of heating and cooling,constantly,constantly,constantly
AT_165,Promotion of district heating connections and district heating,"Support for district heating connections The objective of this funding directive is to reduce emissions that are harmful to climate and health while at the same time reducing the use of non-renewable resources. This also takes into account the strategies of the state of Styria in the area of climate and energy as well as air pollution control. In addition, on the basis of the present funding directive, the value added in the Styrian regions is to be increased, the development of technology is to be promoted and a contribution to securing and increasing employment is to be made. Link: https://www.wohnbau.steiermark.at",,"Support for district heating connections Eligible for funding are connections to highly efficient, alternative district heating networks.",,"A15 Energy, Housing, Technology - Department of Energy and Housing",Decarbonisation of heating and cooling,constantly,constantly,constantly
AT_166,Promotion of environmental investments for small businesses (UIK),"Funding is provided for investments that serve to reduce the energy and resource requirements of companies. The funding covers environmentally relevant investments or energy-saving measures by small enterprises in the areas of building envelopes, building services, compressed air, steam, ventilation and cooling technology, ventilation, shading and energy- efficient drives.",economic (promotion),,"Land Salzburg (€500,000 for 2025)",Growth Fund (development of grants),Implementation of measures,,Current funding RL 01.01.2024,"01.01.2024-31.12.2025, continuation planned"
AT_167,Promotion of green electricity or photovoltaic systems,"In Vienna, newly installed PV systems as well as extensions of existing PV systems in grid parallel operation are supported with at least 800 full load hours or 500 full load hours per year for vertically mounted PV systems. The PV systems can be installed on buildings, construction facilities or operating areas. For PV systems that are built on multi-storey residential buildings (MGWB), surcharges can be granted under appropriate proof.",Financial support measures,800 MWp by 2030,€ 15 million/year,"City of Vienna, City Councillor for Climate, Environment, Democracy and Human Resources",Increase in renewable share,enforcement,01.01.2024,until 31.12.2025
AT_168,Promotion of property (Section 21(1) S.WFG 2025),"Aid may be granted to beneficiaries for the acquisition or construction of dwellings: 1. the purchase of dwellings which a) under construction with at least three dwellings in the same building; or b) at the same time on at least three directly adjacent properties; or c) as part of a building land protection model be established; 2. the purchase of a rented-purchase apartment by the tenants; 3. the construction of dwellings as part of a building land development model; 4. the construction of dwellings or additional dwellings by means of re- densification; 5. the construction of farmhouses or discharging houses or a closed discharging apartment in the farmhouse: 6. the construction of an apartment on undeveloped land. In accordance with Section 6 of the WFV 2025, certain non-repayable bonuses are granted for this purpose.",Legislative and economic (promotion),,depending on the country's estimates,Housing promotion Unit 10/02,Affordability of property,constantly,01.01.2025,perpetual
AT_169,Promotion of renewable energy sources in buildings,"Support for renewable energy sources in buildings in line with the indicative target for the share of energy from renewable sources in the building sector as referred to in Article 15a(1) of Directive (EU) 2018/2001 Renewable energy sources in buildings are widely promoted in Austria and, according to Figure 18, the indicative target set out in Article 15a(1) of Directive (EU) 2018/2001 is achieved by at least 49 % of the energy consumption from renewable sources by 2030. The state of Upper Austria promotes renewable energy production plants in addition to the existing federal subsidies. Specific additional criteria must be met in order to receive state aid.",Funding programmes,Increase the share of renewable energy in the energy supply of buildings.,from the current budget of the Federal Government and the State of Upper Austria,Federal Government and Land,Decarbonising the energy supply of buildings,constantly,since the 1990s,constantly
AT_170,Promotion of renewable energy sources in buildings,The state of Styria promotes the expansion of renewable energy sources in buildings through various support systems. Below an derem is to be mentioned here: • Housing development Land Styria https://www.wohnbau.steiermark.at • Environmental promotion Land Styria https://www.wohnbau.steiermark.at/cms/ziel/164947118/EN/ • Eco-Fund Styria,Climate and Energy Strategy Styria 2030 plus Link: https://w ww .technik .steierma rk.at/cms/ziel /128523298/en/ Housing promotion Styria https://www.wohnbau.steiermark.at Environmental promotion Land Steiermark https://www.wohnbau.steier- mark.at/cms/ziel/164947118/EN/ Ökofonds Steiermark https://www.technik.steier- mark.at/cms/ziel/130649548/EN,https://wwwtechniksteiermarkat/cms/ziel/130649548/EN • Increase in the share of renewables in Styria • Decarbonisation of the Buildings sector in Styria • Transition from fossil to renewable heating systems • Expansion of solar energy systems,"Department 15 Energy, Housing and Technology","Department 15 Energy, Housing and Technology",• Increase in the share of renewables in Styria • Decarbonisation of the building sector • Increase in renewable heating systems in Styria • Expansion of solar energy systems in Styria,co nstantly,constantly,constantly
AT_171,Promotion of renewable energy sources in buildings in line with the indicative target for the share of energy from renewable sources in the building sector pursuant to Article 15a(1) of Directive (EU) 2018/2001 [amended Renewable Energy Directive],,Economic support measure,,,"Department of Housing Development (IIId) and Department of General Economic Affairs, Department of Environment and Climate Protection","Increasing the share of renewable energy sources and the production and use of on-site renewable energy, as well as reducing greenhouse gas emissions in the building sector",constantly,,
AT_172,Property promotion (§§ 10 et seq. WFV 2025),"Support is granted for the construction of subsidised rental apartments (see 3.1.3 for details on the subsidy) and dormitories. In the case of rental apartments, the fee may not exceed: € 5.40/m ² Garages: € 60/plant Carport: € 30/appliance The subsidy for the dormitories is non-refundable and, depending on the type of dormitories, amounts to: 1. for senior citizens' dormitories or dormitories for people with special care expenditure per unit €50,000; 2. for student dormitories per unit € 30,000, but for a multi-bed unit € 40,000.",Legislative and economic (promotion),,depending on the country's estimates,Housing promotion Unit 10/02,Affordability of property,constantly,01.01.2025,perpetual
AT_173,Public buildings - Land,"The building stock of the land is managed by the LIB - Landesimmobi lien Burgenland as owner. Out of the fossils: 63% of the country's real estate properties in terms of performance have been converted from gas to district heating or wood heating. Efforts are being made to ensure that the locations where district heating networks are located are also connected to them. In the case of objects with gas heating, where there is no district heating network in the area, there are the aspects of the size of the system or technical possibility whether a changeover, e.g. to wood chips or pellets, is possible. For new construction projects, heat pumps, geothermal energy, district heating and PV systems are used; research projects (self-learning heating regulations, predictions of building behaviour depending on environmental factors and use, energy consumption analysis and - prog nose) Awareness-raising: annual training on how energy-saving measures can be taken. Energy monitoring: As part of the energy management system, all major properties in Burgenland, as well as Thermenhotel Reduce, hospitals and technology centres, are compared annually. Retrofitting to LED and building automation systems and auto matic lighting systems, retrofitting of PV systems, reducting the heating of aisles / raising the temperature in ser rooms Renovation of objects (windows, facades, energy system) Procurement of electrical appliances with the highest/best energy efficiency class",more structured planning and awareness-raising,"For new buildings or refurbishments, if appropriate: more precise pre-planning of heating and cooling by using Si mulation programs Design of machines/plants according to actual demand Energy meter structure: sub-meter structure to measure energy flows comprehensibly. If possible and available integration into the GLT (Gebäu deleittechnik).",,Land real estate Burgenland,continuous improvement of energy efficiency in existing and new buildings,constantly,Started in 2006,constantly
AT_174,Public buildings - Land,,Improving the energy efficiency of the public building stock,,,Office of the Lower Austrian Provincial Government,"Reduction of greenhouse gas emissions, conversion of building standards and achievement of targets.",constantly,2019 Update by decision of the Landtag of 23.10.2025,constantly
AT_175,Quality platform refurbishment,The quality platform offers free access to different topics of refurbishment and the appropriate companies. Wei ters are offered courses on different topics. https://qp-sanierung.at/,Awareness-raising action,Improving the quality of refurbishment and heating changeover,,Network of companies with a focus on high-quality refurbishment,Increasing the quality and competence of planners and contractors.,constantly,,constantly
AT_176,Recovery and Decarbonisation Regulation 2024,"With the funds of the housing promotion, comprehensive residential building renovations, the thermal renovation of the building envelope and changes to renewable energy systems are promoted. The funding can be claimed by building and apartment owners and measures can be funded in individual apartments, in single-family and two-family houses and in multi-family buildings. www.wien.gv.at/wohnen/wohnbaufoerderung/foerderungen/",Financial support,The thermal-energy renovation is to be further increased with a focus on the decarbonisation of buildings.,Funding of around EUR 50-200 million per year is disbursed in the area of remediation.,"Business Group for Housing, Housing, Urban Renewal and Women","essentially reducing fossil fuels, reducing energy consumption in residential buildings, reducing housing costs by reducing energy consumption.",constantly,01.01.2018,constantly
AT_177,Recovery offensive,"The Federal Ministry of Agriculture, Forestry, Climate and Environmental Protection, Regions and Water Management (BMLUK) is sending a strong signal for climate and environmental protection with the remediation campaign. The focus is on the funding priorities of boiler replacement and renovation bonuses, which support investments in climate-friendly heating systems and thermal-energy building renovations. Whether one- or two-family house, terraced house or multi-storey residential building - the Austria-wide subsidy offers an attractive opportunity to modernize heating systems in a climate-friendly way and to optimise buildings in terms of energy efficiency.",Promotion of the environment,"The refurbishment offensive is based on two key measures: the exchange of boilers for environmentally and climate-friendly heating solutions, as well as the refurbishment bonus for thermal-energetic modernisation. In the new funding period, a fixed annual budget and a binding registration ensure greater efficiency and planning certainty. The renovation offensive is open to all types of buildings throughout Austria – from single-family and two-family houses to terraced houses and multi-storey residential buildings.","For the purpose of thermal-energetic refurbishment and for the conversion to climate-friendly heating systems (‘Refurbishment offensive of the Bun des’), a maximum of 360 million euros will be available annually from 2026, thus a total of 1.8 billion euros for the period 2026-2030 (Section 6(2f)(1b) of the UFG).","BMLUK, Kommunalkredit Public Consulting GmbH (funding agency)","The aim is that the current budget will be able to support more than 30,000 boilers per year as well as measures for thermal refurbishment. According to WIFO, these investments will create around 8,800 full-time equivalent jobs and generate more than EUR 1.4 billion in value added, saving around 270,000 tonnes of CO2 per year.","Start of registration/application in the restructuring offensive 2026 with 24.11.2025. In the 2026 remediation offensive, projects under the 2026 remediation offensive can be funded from 03.10.2025 onwards. Deliveries and services before this deadline and where aid is not legally possible, cannot be subsidised.",2025,2026-2030
AT_178,Recycling Building Materials Ordinance of the State of Tyrol,The Recycling Building Materials Ordinance is an important regulation in Tyrol that regulates the handling of construction and demolition waste in order to promote the circular economy.,Promotions in economic terms; awareness-raising activities; networking,"Promoting the circular economy, material efficiency through a high quality of recycled building materials.",Costs are determined by recycling companies and passed on to customers,"Office of the Tyrolean State Government: Department of Environmental and Nature Protection (responsible for environmental issues), Department of Spatial Planning and Building Law (responsible for construction issues), respective construction and environmental authorities of the municipalities","increased recycling rate for building residues, increased promotion of circular economy and improved quality of recycled building materials, reuse of building materials, reduction of landfill waste",Ongoing since January 2025,01.01.2025,"no implementation period, on an ongoing basis"
AT_179,"Reducing life cycle greenhouse gas emissions associated with the construction, renovation, operation and end-of-life of buildings and the use of CO2 removal","Housing promotion In both new construction and renovation, there are ecological minimum requirements for (newly installed) building materials, materials and materials: e.g. HFC-free, wood from sustainable extraction; OI3 bonus or material resource bonus; future evaluation of the introduction of further incentives for CO2 storage of materials or particularly low-greenhouse gas life cycle and high recyclability / recyclability (possibly by circular indicator, etc.); HWB bonus (new construction and renovation), CO 2bonus (renovation) Construction law The requirements of Article 7(2)(a) and (b) and (4) of Directive (EU) 2024/1275 will in future be standardised in a harmonised form in the building law provisions of the Länder. In implementation of Article 7(2) and Annex III of Directive (EU) 2024/1275, the Austrian Institute of Civil Engineering (OIB) is preparing the OIB Directive 7 ‘Sustainable use of natural resources’ with an expected date of issue in 2027, which is intended to regulate the requirements for the calculation of the life cycle GWP. In the OIB Directive 7, the classification, the calculation method and the use of the underlying data are to be regulated, whereby it is provided that a generic data basis is provided by the OIB, which can be used to calculate the life cycle greenhouse potential. The possibility of using specific GWP data (e.g. from EPDs) should remain unaffected. The Austrian Institute of Construction Technology (OIB) is expected to adopt this OIB Directive 7 in the second quarter of 2027. The OIB guidelines in the respectively valid edition are declared binding in the construction legal regulations of the individual federal states and thus enable a harmonised implementation in Austria. The application of OIB Directive 7 is foreseen at the turn of the year 2027/28.",,,,,,,,
AT_180,Reduction of life cycle greenhouse gas emissions,"reducing life-cycle greenhouse gas emissions associated with the construction, renovation, operation and end-of-life of buildings and the use of CO2 removals; see also comments on points 3.6 and 3.7",legislative measures,GWP as required by Directive (EU) 2024/1275,,land,Reduction of greenhouse gas emissions in the life cycle of buildings,Legislation is under development,In accordance with Directive (EU) 2024/1275,In accordance with Directive (EU) 2024/1275
AT_181,Regional programme ecofit Carinthia,"Companies (with a focus on SMEs), municipalities, associations and denominational institutions in Carinthia are financially supported in consultations or in the implementation of projects in the fields of environment, sustainability and energy.","Promotion of consultancy services, including in the field of non-residential buildings",The aim is to achieve a long-term positive environmental and energy effect.,"Funding is provided by the Climate Fund and the State of Carinthia. The budget for 2025 is around 450,000 euros.","Div. 8 – Environment, nature conservation and climate change coordination",The aim is to encourage investments that will subsequently have a positive impact on the environment and energy efficiency by identifying useful measures.,constantly,2010,The guidelines are revised annually.
AT_182,Remediation support,see point 3.3,,,,,,,,
AT_183,Remediation support,see point 3.3,,,,,,,,
AT_184,Removing market barriers and market failures,"This strategy is constantly being pursued, e.g. through different funding programmes","legislative measures and support programmes, e.g. support to establish the roof statics in order to be able to build PV systems (promotion of the market barrier: ""the statics may not be able to withstand this"")",fewer market barriers,from the current budget of the Federal Government and the State of Upper Austria,Federal Government and Land,Fewer market failures,constantly,constantly,constantly
AT_185,Removing market barriers and market failures,"The state of Styria always strives to prevent market barriers and market distortions. For this purpose, e.g. the design of funding and advisory services are subjected to a comprehensive discussion process with the necessary steakholders from business, civil servants (federal and state governments) and academia. Among other things, attempts are being made to standardise uniform technical criteria in Austria.",Climate and Energy Strategy Styria 2030 plus Link: https://www.technik.steiermark.at/cms/ziel/128523298/en/,Reducing market barriers,,"Department 15 Energy, Housing and Technology",Reducing market barriers,constantly,constantly,constantly
AT_186,"Renewable Heat Act, Steiermärkisches Baugesetz, Steier märkisches Raumordnungsgesetz","Renewable heat law The Renewable Heat Act (EWG) in Austria prohibits the construction of fossil heating systems in Neubauten and requires the use of renewable energies or quality-assured district heating. District heating shall be deemed to be quality assured if at least 80 % of it comes from renewable energies, combined heat and power plants, waste heat or a combination thereof. There is still no general obligation for existing farms, but the conversion is supported by subsidies. Styrian Building Act (Steiermärkisches Baugesetz) Concretely, in the case of new buildings, installations for the provision of heat must not contradict the requirements of the EEC. The same applies to buildings that are conditioned by changes in use. The use of high- efficiency alternative systems must be tested before replacing existing heat supply systems that can be operated with fossil fuels. Section 6 regulates the obligation to connect district heating (to a highly efficient district heating system) in the case of new buildings. Styrian Spatial Planning Act The subject area concept Energy (SKE) is a binding part of the local development concepts in Styria and serves the energy space planning at the municipal level. Its goal is to shape a sustainable energy and climate future by linking energy and climate policy objectives with spatial development. It analyses the energy state of a community and develops strategies for the efficient use of space, such as for renewable energy supply and mobility, and serves as a basis for binding definitions in the local development concept.",Climate and Energy Strategy Styria 2030 plus Link: https://www.technik.steiermark.at/cms/ziel/128523298/en/ Legal implementation,"at least 80 % of district heating comes from renewable energy sources, from waste heat from high-efficiency cogeneration plants, from other waste heat or a combination thereof, or (b) from plants that have a mandatory decarbonisation plan in place to ensure continued compliance with these criteria from 2035 onwards and no expansion of the plant output generated by fossil fuels;","None, since legal implementation","Department 13 Environment and Spatial Planning, Building and Spatial Planning Unit A15 Energy, Housing, Technology - Department of Energy and Housing",Decarbonisation of heating and cooling,The EEC and the regulations of the Stmk. The Spatial Planning Act is already in force. The corresponding amendment of the Stmk. The Construction Act is due to be pa ssed in the first quarter of 2026.,1st quarter 2026,constantly
AT_187,Renovation at new construction costs (Section 3(1)(9)(b) S.WFG 2025),"If the conversion costs reach at least EUR 3,000 net per m² residential usable area at the time of the assurance and fulfilment of the energy efficiency criteria for new buildings in accordance with Annex 1, Part D, paragraph 4, of the Building Technology Ordinance; these energy efficiency criteria can be deviated from if this is necessary to safeguard the interests of the monument's protection of the townscape or old town and is verified by the promoters by presenting a corresponding confirmation; housing construction support can be granted: € 1,800/m ² repayable grant; € 720/m ² non-repayable grant; for assisted living: € 1020/m ²; Non-refundable ground floor zones: non-refundable grant € 150/m ² up to € 300/m ².",Legislative and economic (promotion),,depending on the country's estimates,Housing promotion Unit 10/02,Upgrading the stock to at least ‘new building level’,constantly,01.01.2025,perpetual
AT_188,Restructuring support for energy-related measures (Sections 21 et seq. of the WFV 2025),"Funding will be provided to: Thermal refurbishments: The grant is 20% of the total eligible costs. The eligible costs are limited to the actual costs incurred for the renovation measures and the amount of € 100,000 per apartment and € 30,000 per residential unit or apartment in the case of residential buildings and €175 per m² renovated component (heat protection) and € 800 per m² window or door area. Heat supply systems and solar thermal systems for more than 8 apartments: The subsidy is limited to 25% of the actual costs incurred and is capped depending on the kW. The subsidy for heat recovery systems is up to 50 kW: 5,000 €; over 50 to 100 kW: 6,500 €; over 100 kW: 8,000 € Construction or extension of a high-quality thermal solar system: subsidy at 0 < 7 m ² - per m ² aperture area 250 €; at > 7 m ² - per m ² aperture area 100 €",Legislative and economic (promotion),,depending on the country's estimates,Housing promotion Unit 10/02,Energetic upgrading of the old stock,constantly,01.01.2025,indefinitely; dzt for budgetary reasons no application possible
AT_189,SPOSA II programme (sports facility rehabilitation programme),"Here, the thermal-energetic overall remediation or individual thermal measures are promoted.",Financial support measures,,Around €92 million,"Business Group for Housing, Housing, Urban Renewal and Women","mainly the reduction of fossil fuels, the reduction of energy consumption in sports facilities and the repair of buildings.",constantly,2020,End of 2026
AT_190,Salzburg quality network for heat pumps,Network of industry and contractors with the claim to increased energy efficiency.,Training and further education,,,Energy Consulting Salzburg / Office of the State Government of Salzburg Ref 4/04; Environmental Department and Salzburg AG,,,,Ongoing / annual
AT_191,Socket Renovation (SOS),"For the sustainable development and value preservation of the building, the decarbonisation measures are implemented. At the same time, necessary maintenance work was carried out on the general parts of the house as well as improvements on the house side. In addition, vacant and inhabited apartments are being modernised or decarbonised and ground floor and basement areas are being adapted for use as business premises. A requirement for this conveyor rail is the decarbonisation of at least 30% of the usable living space. https://www.wohnfonds.wien.at/first info",Financial support,The thermal-energy renovation is to be further increased with a focus on the decarbonisation of buildings.,subsumed in the budget of the Recovery and Decarbonisation Ordinance 2024,"Business Group for Housing, Housing, Urban Renewal and Women","mainly the reduction of fossil fuels, the reduction of energy consumption in residential buildings and the repair of buildings with desubstance.",constantly,,constantly
AT_192,Solar commitment,"The solar obligation for buildings is regulated under § 66a ‘Obligation to construct photovoltaic systems’ in the Lower Austria BO 2014 for residential and non-residential buildings, both from 300 m ². In the OIB Directive 6, September 2025 edition, point 4.10 of the Solar Law / Requirements for the production of solar energy is formulated and linked to mandatory implementation dates in accordance with (EU) 2024/1275.",,,,,,constantly,1 July 2021,
AT_193,Special regional funding programmes,"The Tyrolean provincial government has defined regional economic programmes for well-defined assisted areas. These programmes shall lay down and give special support to measures which enable regional development to be sustainable for these areas and, in particular, economic development. Beneficiaries may be private individuals, sole proprietorships, advertising companies, partnerships and corporations, cooperatives, associations, municipalities and associations governed by public law, depending on the act or the main measure. The main areas of focus include, for example, energy-bezo gene environmental projects such as large-scale storage, the conversion of street lighting to LEDs or measures for energy efficiency and the use of regional renewable energy resources. The funds of the Tyrolean Energy Fund are to be used exclusively for the promotion of municipal measures for the production and use of renewable energy or the improvement of energy efficiency of energy efficiency as well as for environmental climate protection.","and economic measures, training, awareness-raising measures","sustainable, economic, regional development and promotion",€3 million in 2024; €3 million in 2025; €3 million in 2026; €3 million in 2027; 2028 €3 million,"Office of the Tyrolean State Government, Eduard-Wallnöfer-Platz 3, 6020 Inns bruck","Sustainable, economic regional development",,2024,2024-2028
AT_194,State funding for renewable heating networks,"Vienna has set itself the goal of becoming independent of fossil fuels such as oil, gas and coal in the heat supply by 2040. Especially in the building sector, there are already various ways to make the energy supply sustainable and future-proof. Vienna wants to set a clear signal here and actively switch the urban heating and cooling supply to renewable energy sources by 2040. https://www.wien.gv.at/urban development/energy/foerderungen/renewal- bare-waermenetze.html",Financial support measures,Increase in the renewable share of heat application,2024/2025: € 1.2 million/year,"City of Vienna, City Councillor for Climate, Environment, Democracy and Human Resources",Increase in the renewable share of heat application,constantly,01.01.2024,until 31.12.2025
AT_195,"Strengthening and protecting vulnerable customers and reducing energy poverty, including policies and measures under Article 24 of Directive (EU) 2023/1791, as well as housing affordability","Integrative dwellings with high demands on the building envelope and the energy-relevant building technology system are allocated primarily to vulnerable households through annuity subsidies for additionally supported rents in accordance with the Housing Procurement Directive. The New Construction Promotion Directive for public housing in conjunction with the Housing Procurement Directive thus complies with Article 17(18) of Directive (EU) 2024/1275. This system should continue in the future. Special subsidies for integrative housing in the refurbishment area will be evaluated. Funded refurbishment pre-consultation, refurbishment consultations as well as energy telephone of the energy institute. The housing allowance supports low-income households in financing housing costs.",,,,Substitute for housing promotion,,constantly,Usually every 1 to 2 years,constantly
AT_196,Strengthening and protecting vulnerable customers and reducing energy poverty,"In Austria there is a comprehensive tenant protection, which is mainly enshrined in the Tenancy Law Act and partly also in the General Civil Code. This tenant protection includes both the protection against dismissal and the protection against excessive rent, as well as the obligation of the landlord to maintain the apartment. Measures to reduce energy poverty see Energy Poverty Coordination Unit https://kea.gv.at/ Housing support is an instrument in Austria to ensure that affordable housing can also be provided for people with lower incomes","legislative measures, federal and state funding programmes",Extensive tenant protection,from the current budget of the Federal Government and the State of Upper Austria,Federal Government and Land,Reducing energy poverty,constantly,since 1922,constantly
AT_197,Styrian State Administrative Academy (LAVAK),The aim of the Styrian State Administrative Academy is to professionally support and accompany the employees of the central administration and the district administrative teams in their professional careers in educational matters. The course program also includes courses for climate and energy-related questions.,Climate and Energy Strategy Styria 2030 plus Link: https://www.technik.steiermark.at/cms/ziel/128523298/en/,,,Division 5 Personnel,Building up competence in the field of climate and energy in the state service. Awareness-raising in the field of climate and energy,constantly,constantly,constantly
AT_198,Subsidy for heating costs,"In accordance with this Directive, the Land of Salzburg shall provide applicants with a subsidy from its own resources for the heating period 2024/2025 in the form of a flat-rate grant for the heating and energy supply of their housing, irrespective of the energy source and type of heating. This flat-rate grant is intended to financially support low-income households in meeting their heating and energy costs.",economic,"Strengthening and protecting vulnerable customers and reducing energy poverty, including policies and measures referred to in Article 18 for the provision of technical, administrative and financial advice and support.",The State of Salzburg is making an amount of 2.5 million euros available for this action.,"State of Salzburg: Department of Social Affairs, Unit 3/03 - Social Protection and Inclusion",Incentives for new construction and renovations that support the achievement of the requirements of ZEB even before legal obligation,,current guideline since 01.01.2025,01.01.2025 - 30.09.2025
AT_199,Subsidy for heating costs of the Province of Tyrol,The heating subsidy is a one-off financial support per household in the state of Tyrol to cover heating costs for low-income households.,"economic, social policy measure",Relieve low-income households during the heating period. Heating should be affordable despite high costs,€3.3 million for the heating period 2025-2026 will be provided from the country's budget,Office of the Tyrolean State Government; Department of Social Affairs,the measure is intended to provide financial relief for households with low incomes in heating costs;,Subsidy for heating costs for 2025 was decided on 25.02.2025,01.03.2025,applies to the heating period 2025 - 2026
AT_200,Support of new constructions and extensions of solar energy systems,"The Province of Burgenland does not envisage any operation or a simplified or shortened procedure for a large part of these installations, in particular for the subsequent installation of solar energy installations. The non-traffic installations mainly concern private individuals in the EFH segment. At the same time, in the case of new buildings and major renovations of single-family, two-family, multi-family and terraced houses, there is an obligation to provide for structural and electronic measures for the subsequent installation of solar energy systems. In the case of new residential buildings, there is an obligation to build them using photovoltaic systems on building surfaces with a nominal output of at least 2 kWp per 100 m ² conditioned gross floor area.",Funding strategy,Optimal coverage of the energy demand of the respective object,,"Dept. 2 – Regional Planning, Municipalities and Economy",Improving energy independence at the site,constantly,,constantly
AT_201,Support of new constructions and extensions of solar power plant,"Installations of 5,000 PV installations and the construction of thermal solar installations of 1,500 m ²",Funding strategy,Optimal coverage of the energy demand of the respective object,€ 34 million/year,"Dept. 15 – Location, Spatial Planning and Energy","Achievement of the above-mentioned objective (5,000 PV plants and 1,500 m ² solar thermal energy)",enforcement,1.1.2025,until 31.12.2025
AT_202,Survey of the refurbishment potential in Tyrol,The survey of the refurbishment potential of a section of the Tyrolean sustainability and climate strategy aims to systematically record the energetic state of the building stock in Tyrol. The aim is to identify buildings with high renovation potential in order to implement targeted support measures and planning to increase energy efficiency. Data collection is carried out in close coordination with relevant bodies and with the inclusion of existing data sources such as energy certification databases.,Data collection and analysis measure,The aim is to comprehensively record the refurbishment potential in the entire Tyrolean building stock in order to be able to plan and design refurbishment measures more specifically.,"The measure is financed from state funds, exact budget figures are currently not publicly disclosed in detail. A combination with federal or EU funding is possible depending on the part of the project.","Office of the Tyrolean State Government – in particular Departments for the Environment, Energy, Spatial Planning and Housing Development, Coordination within the framework of the Tyrolean Sustainability and Climate Strategy",• Creating a robust data base for future energy policy decisions • Increased efficiency and target accuracy of remediation funding • Long-term reduction of greenhouse gas emissions in the building area through targeted renovations • Support for the implementation of Directive (EU) 2024/1275,The action is in the process of implementation or preparation and initial steps for data collection and coordination with relevant bodies have been taken.,"Part of the Tyrolean Sustainability and Climate Strategy, valid since 2022","Ongoing, medium-term design; initial evaluations are planned in the next few yea rs in order to be able to derive measures quickly"
AT_203,Sustainability Commission In the context of a renovation,The Commission for the Assessment of Sustainability in the Supported Remediation can recommend a step change according to the Remediation and Decarbonisation Ordinance 2024 § 6 (3) if measures meet certain requirements and are implemented in a remediation project. (Circular economy in construction),Financial support measures,Strengthening circular construction,subsumed in the budget of the Recovery and Decarbonisation Ordinance 2024,"Business Group for Housing, Housing, Urban Renewal and Women",Strengthening circular construction,constantly,,constantly
AT_204,TIROL 2050 energy-autonomous; consulting services of the Energy Agency Tyrol,"TIROL 2050 energy-autonomous is the central energy policy objective of the Tyrolean state government, which was last confirmed as part of the ""Life with a future: Tyrolean sustainability and climate strategy 2025- 2027""programme of measures. TIROL 2050 energy-autonomous stands for a livable and crisis-proof future for the next gene ratios – free of fossil fuels. On the way there, implementation support is needed, because not only technologies such as photovoltaics or e-mobility will play a role. The transition to a sustainable society is best achieved through many individual steps and the diversity of ideas of the people in Tyrol. Concrete activities and measures will therefore be bundled under the umbrella of TIROL 2050 in an energy-autonomous manner and effectively prepared for the public in order to make progress visible and encourage participation. The Energy Agency Tyrol, as the independent regional advisory body on energy issues, combines the necessary fields of expertise and manages this nationwide change process with the involvement of the most important stakeholders.","Awareness-raising action; As part of the TIROL 2050 energy-autonomous process, all the above-mentioned levels of impact are addressed and served.","Practical assistance in the implementation of measures and projects. At the core of TIROL 2050 energy-autonomous is to reduce energy consumption and expand renewable energies. In order to achieve energy autonomy, the energy consumption in Tyrol must be reduced by 30 percent and fully covered by renewable, domestic energy sources. The Province of Tyrol has commissioned a project team consisting of the Energy Agency Tyrol, the University of Innsbruck and the MCI to develop a target scenario for 2050. The current technology and resource use scenario outlines with which technologies and which domestic resources the energy transition will succeed with continued economic and population growth.",Public funding of the State of Tyrol,"Energieagentur Tirol GmbH; Bürgerstraße 1-3, 6020 Innsbruck","Process coordination, public relations: imparting and building knowledge, networking and dialogue: bringing together the most important actors, cooperations: participation of all is required",ongoing project,Since government resolution 17.06.2014,continuous and indefinite
AT_205,Technologies and innovations for the climate-neutral city (TIKS),"The Federal Ministry for Innovation, Mobility and Infrastructure (BMIMI) and the Climate and Energy Fund have set themselves the goal of jointly enabling and accelerating the implementation of energy and climate targets in Austrian cities, districts and buildings through the ‘Climate-neutral city’ mission. The focus is on urban technology development: (further) development of (single) technologies and scalable solutions that enable the implementation of climate-neutral, (climate-)resilient, climate-change-adapted and circular buildings and districts, both in new construction and renovation. Key research priorities are: a. Digital technologies and tools b. Construction process and innovations c. Building materials and building materials d. Renovation technologies and concepts e. Renewable energies and building-grid interaction f. Technologies for heating and cooling g. Robustness and resilience","RTD action (research, technology, innovation)","Development of technological and innovative solutions for the conversion of climate-neutral districts and buildings - Contribute to the development of resilient and climate-neutral buildings and districts, including sustainable design of public spaces and transport spaces - Austrian companies are a global technology leader in the field of sustainable construction and are involved in international projects",BMIMI 60 MEUR (2024-2026) UG34 Climate and Energy Fund: approx. 8 MEUR p.a. UG41,"BMIMI, Climate and Energy Fund","• Positive climate impact and decarbonisation in the construction sector • Successful adaptation to the consequences of climate change • Increasing resource, material and energy efficiency while taking circularity into account • Increasing the share of renewable energy sources and regenerati ver materials • Knowledge building and transfer • Increasing Austrian competitiveness by market transfer of innovative technologies and solutions • Standardization and guidelines in the construction sector are adapted to the latest knowledge from FTI and lead to a significant impact",FinV 2024-2026,2022,2022-2030
AT_206,Territorial Employment Pact of Carinthia,"The Territorial Employment Pact Carinthia is a regional programme designed to promote employment and economic development in Carinthia. The programme includes various measures, such as the promotion of business start-ups, the creation of jobs and the improvement of infrastructure.","Ongoing, cooperative programme to support the Carinthian labour market",,"The TEP 2025 has a volume of 88.5 million euros. Of these, 31.4 million euros came from the AMS Carinthia, 26.4 million euros from the state of Carinthia, 15.5 million euros from the Ministry of Social Affairs Service, 5.3 million euros from the EU, 5.5 million euros from the own-account management of the projects and 4.5 million euros from a number of other co-financing grants and donors.","The TEP platform has existed in Carinthia since 1998 and is primarily financed by the core partners AMS Kärnten and Land Kärnten. Social partners and interest groups, like the Carinthian Ministry of Social Affairs, are also TEP partners, while regional organisations such as the Carinthian Economic Development Fund (KWF), as well as institutions such as the Association for the Promotion of Carinthian Work Foundations (VFKA), the Vocational and Educational Orientation Carinthia (BBOK) or the Coordination Office for Education up to 18 support the TEP platform in its bera tender function.",Long-term cooperation and program. Implementation throughout Carinthia through projects and initiatives.,"Since 1998, the main institutions of education and labour market policy have been working together at regional level in Carinthia under the Territorial Employment Pact for Carinthia.",,"Ongoing. The TEP, the corresponding budget and the measures are renewed annually."
AT_207,Thermal-energetic regeneration (THEWOSAN),"As part of the thermal-energetic renovation of residential buildings (THE- WOSAN), structural measures for the thermal renovation of the entire building envelope, such as the insulation of all external components, the removal of thermal bridges or the increase of passive-solar heat, are promoted. In addition, technical measures such as the conversion or construction of the heating and hot water treatment plant with primary energy-efficient and/or CO2 reduced or renewable energy sources are promoted. The aim is to allow heating and thus significantly reduce the CO2 emissions of the building as well as the consumption of fossil fuels. Funding is provided in the form of a non-refundable contribution in the amount of 35 € to 220 € per m ² usable area depending on the energy level achieved. The maximum amount of the non-refundable contribution is limited depending on the funding level of the total eligible construction costs. https://www.wohnfonds.wien.at/firstinfo _thewosan _energy saving",Financial support,The thermal-energy renovation is to be further increased with a focus on the decarbonisation of buildings.,subsumed in the budget of the Recovery and Decarbonisation Ordinance 2024,"Business Group for Housing, Housing, Urban Renewal and Women","mainly the reduction of fossil fuels, the reduction of energy consumption in residential buildings and the repair of buildings with desubstance.",constantly,,constantly
AT_208,Tiroler Bauordnung (Tyrolean Building Code),"With the Tiroler Bauordnungsnovelle 2022 (TBO 2022), the use of photovoltaic and solar thermal systems on buildings has been significantly simplified.","economic measure, legislative and regulatory strategy measure","Accelerating the expansion of solar power plants, increasing the number of plants, reducing bureaucratic hurdles",No budget since simplification,"Office of the Tyrolean provincial government, district administrative authorities, local building authorities","Accelerating the expansion of solar energy systems, cutting red tape, reducing costs",Ongoing implementation,"was implemented with the TBO Amendment (TBO 2022), which entered into force on 1 September 2023.",Ongoing implementation
AT_209,Training Energy-efficient construction and refurbishment,"The basic training of energy consultants is carried out in the sense of the ""Ar beitsgemeinschaft EnergieberaterInnen-Training"", which is supported by local energy institutions in the Austrian federal states (www.arge- eba.or.at). For the already certified energy providers, further training is offered in the course of the network meetings.",Education and training,One training course per year.,Funding is provided through course fees.,"Dept. 15 – Location, Spatial Planning and Energy",Qualified energy consultants are an important basis for building up a corresponding understanding of energy efficiency and renewable energy in the building sector in the Carinthian population and for accompanying the implementation of measures.,constantly,2005,constantly
AT_210,"Training courses on the OIB guidelines 1-6 (BAUAkademie, Chamber of Civil Engineers for Styria and Carinthia)","The central administration trains non-official construction experts within the meaning of §28 StBauG and provides practical knowledge on OIB guidelines 1 to 6 (mechanical strength and stability, fire protection, hygiene, health and environmental protection, safety of use and accessibility, sound insulation and energy saving and thermal insulation). Link: https://www.verwaltung.steiermark.at/cms/ziel/74838472/DE/ https://www.ztakademie.at/ https://stmk.bauakademie.at/",Steiermärkisches Baugesetz (§28 Link: https://www.ris.bka.gv.at) Climate and Energy Strategy Styria 2030 plus Link: https://www.technik.steiermark.at/cms/ziel/128523298/en/,"The aim is the qualification of architects, builders, civil engineers and experts to ensure legally compliant planning, execution and inspection in the construction industry.",,"A 13 Environment and Spatial Planning, Building and Spatial Planning Unit, ZT Chamber, Bauakademie",• Legal requirement • Quality assurance measure,constantly,constantly,constantly
AT_211,Tyrol Chamber of Agriculture,"The advisory services offered by the Tirol Chamber of Agriculture are aimed at agricultural companies on all energy-related topics, the use of renewable energies and funding opportunities. The counselling centre provides basic information, if desired also directly on site at the farm.","economic training measures, awareness-raising measures","more energy efficient management, cost reduction, implementation of renewable forms of energy",,Chamber of Agriculture for Tyrol,Reduction of electricity consumption and electricity costs; energy-efficient catering,ongoing offers,,constantly
AT_212,Tyrolean Energy Fund (TEF),"The Tiroler Energiefonds (Tyrolean Energy Fund) is part of the Municipal Compensation Fund, for which the Province of Tyrol will contribute EUR 3 million per year from the Future Fund established in 2024 to 2028.","economic measures, training measures, awareness-raising measures, tax measures",Support for municipal measures to increase energy efficiency or for sustainable heating systems,€3 million in 2024; €3 million in 2025; €3 million in 2026; €3 million in 2027; 2028 €3 million,"Office of the Tyrolean State Government, Eduard-Wallnöfer-Platz 3, 6020 Inns bruck",Achieving the targets of the Energy Efficiency Directive (EEDIII),,2024,2024-2028
AT_213,Tyrolean housing promotion and refurbishment,"In line with Directive (EU) 2024/1275 (recital 19), the Land of Tyrol is providing new financial support for both individual component renovation and comprehensive renovation. Extensive renovation of buildings is particularly encouraged (Ökobo nus).","Support measures of a financial, economic nature, awareness-raising measures, tax measures (construction cost limit)",Reduction of energy consumption in private households; expansion of environmental heat in the areas of residential renovation; reduction of greenhouse gas emissions,Budget resources Office of the Tyrolean State Government (state budget),Office of the Tyrolean State Government; Department of Housing Development,"Reduction of energy consumption in private households; reduction of greenhouse gas emissions, climate protection, reduction of operating costs, job creation, social policy impact (also ensuring access to housing for middle- and low-income people, home ownership)",already in use,,
AT_214,Tyrolean sustainability and climate strategy,The Tyrolean sustainability and climate strategy is the flagship of the state of Tyrol in order to achieve the climate and energy targets by 2050. The strategy includes both climate change and resource protection as well as climate protection.,"Awareness-raising, education and training activities; policies, policy measures",Reduction of greenhouse gas emissions by at least 55% by 2030; 100% electricity from renewable sources by 2035; climate neutrality by 2040; national energy autonomy by 2050,Budget resources Office of the Tyrolean State Government (state budget),"Office of the Tyrolean State Government, Energy Agency Tyrol, Municipalities, Economic Operators, University of Innsbruck","Increasing the regional economy, reducing fossil fuels, improving the climate, significantly reducing emissions","Annual monitoring reports by the State of Tyrol, several funding programmes by the Department of Housing Development",2022 by decision of the Tyrolean State Government,2022 to 2050
AT_215,Updating the Lower Austria Climate and Energy Roadmap 2020 to 2030 with a view to 2050,"On 23.10.2025, the Lower Austria State Parliament decided to update the Lower Austria Climate and Energy Roadmap, which is the climate and energy strategy of the Lower Austria. Lower Austria is thus setting the course for a clean, renewable and sustainable energy future. With ambitious but feasible goals, orientation and predictability should be created for the communities, the economy and all people in Lower Austria.",,"Lower Austria is increasing the targets for wind power (8,000 GWh by 2030) and photovoltaics (4,500 GWh by 2030). By 2030, more than half of total energy consumption will be covered by renewable energy – long-term energy transition by 2050. By 2040, phase-out of fossil fuels in space, taking into account social and technical criteria.",,,"€1.1 billion in fossil fuel savings in 2030. Investments in green technologies, including leverage, will secure or create more than 60,000 green jobs by 2030. €1.6 billion in gross value added through investments in wind, PV and building renovation by 2030.",Decision by the Lower Austrian Landtag on 23 October 2025,,2020 to 2030
AT_216,Upper Austria Climate and Energy Strategy,"Basic strategies are anchored in Upper Austria, among others, in the Upper Austria Energy Strategy, in which the energy strategy ""Energy Leading Region 2050"" was terged with the measures listed there. Upper Austria Climate and Energy Strategy (2022) https://www.landoberoesterreich. gv.at/files/publikationen/us_klima_energiestrategie.pdf Energie-Leitregion 2050 (2017) https://www.energiesparverband.at/fileadmin/esv/Broschueren/EnergieL eitregion _ooe _2050.pdf https://www.landoberoesterreich. gv.at/files/publikationen/us_klima_energiestrategie.pdf",Overarching Master Plan for Climate Action and Energy,continuous improvement of heat intensity,from the current budget of the state of Upper Austria,Specialist services of the Office of the Oö. Provincial government,Guidelines for the numerous implementation measures in the field of climate protection and energy,constantly,Upper Austria’s Climate and Energy Strategy 2023 and the ‘Energy Leading Region Upper Austria 2050’ 2017,by 2040
AT_217,Urban Energy Efficiency Programme 2030 (SEP 2030),"The SEP 2030 produced a catalogue of 24 packages of measures and over 80 instruments. This focuses on the city of Vienna's own sphere of activity and competence. The most important fields of action are mobility, buildings and the magistrate. What is new is that the transport sector will be included in the SEP 2030 for the first time. https://www.wien.gv.at/pdf/ma20/sep2030.pdf","Strategy on different CO2 intensive sectors (buildings, mobility, etc.)",Reduction of final energy consumption by 40% by 2050 compared to 2005.,from the current budget of the City of Vienna,"City of Vienna, City Councillor for Climate, Environment, Democracy and Human Resources",Reduction of final energy consumption by 40% by 2050 compared to 2005,constantly,since 2019,Ongoing until 2050
AT_218,Use of solar energy systems,"Under Section 80b(2) of the Steiermärkisches Baugesetz, Styria provides for a solar obligation for new buildings in the Steiermärkisches Baugesetz. In the case of existing buildings, incentive subsidies in the field of environmental subsidies (promotion of solar thermal energy, promotion of municipal PV roofs), housing subsidies (promotion for photovoltaic systems, incentives for thermal solar systems) and eco-fund subsidies (e.g. innovative photovoltaic double use, innovative energy storage and system integration) are used.",C limate and Energy Strategy Styria 2030 plus Link: https://www.technik.steiermark.at/cms/ziel/128523298/en/ Housing development Land Styria: Link: https://www.wohnbau.steiermark.at Steiermärkisches Baugesetz Link: Link: https://www.ris.bka.gv.at/Gel- tendeVersion.wxe?Request=LrStmk&Law number=20000070 Eco-fund support Styria: Link: https://www.technik.steier- mark.at/cms/ziel/130649548/EN,• Increase in the share of renewables in Styria • Reduction of energy imports • Expansion of solar energy systems in Styria,"Department 15 Energy, Housing and Technology","Department 13 Building and Spatial Planning Department 15 Energy, Housing and Technology",Increase in the share of renewables in Styria,constantly,Ongoing or legislative implementation until mid-2026,constantly
AT_219,Use of solar energy systems on buildings,"PV Strategy Upper Austria The use of solar energy systems on buildings is widespread in Upper Austria, around 1.2 million m ² thermal collector area and 2,000 MW peak PV power are mainly currently installed on buildings.","Strategy, funding programmes","3,500 GWh from PV (by 2030)",from the current budget of the Federal Government and the State of Upper Austria,Federal Government and Land,PV and solar thermal systems,constantly,1994 and 2021 respectively,constantly
AT_220,Use of solar energy systems on buildings,"Energy Promotion Directive 2025 Thermal solar installations on residential buildings are supported with one-off subsidies as part of energy promotion. Further measures: see 3.1.8 (New construction: Obligation to install a solar system with a certain minimum system output, otherwise no housing promotion). Implemented on state buildings In the Zero V mission, the expansion of photovoltaic systems was also promoted with the aim of point 2(d): 2. to reduce the energy demand in its own area of activity, i.e. the lane of the building and the vehicle pool, to the highest possible extent by 2040 and to cover it with renewable energy sources ². In order to achieve this objective, it is necessary to adopt an implementation plan for the years 2020 to 2030, which includes the following measures: suitable roof areas of state buildings must be equipped in the best possible way with solar and/or photovoltaic systems, provided that this is prevented by circumstances that cannot be greened (e.g. monument protection, local and landscape image, renovation date, etc.); ² Excluded from the requirement coverage with renewable energy sources are systems for peak load coverage and emergency operation and for vehicles in the areas where no economically justifiable marketable alternative is available (currently e.g. for heavy-duty vehicles, e.g.: riverworks etc.) The Mission Zero V Decision and the 2020-2024 Reports are publicly available and can be found at the following link: https://www.energieautonomie-vorarlberg.at/Focuses/missionze- rov In the summer of 2025, an evaluation of the entire building stock was carried out. The aim was to find further areas for PV systems. Here are the comments on the four groups of buildings according to the previous ta belle: Monument-protected buildings Basically, the Federal Monument Office is now more open to the topic of PV systems on the monument Protected Buildings. However, in the vast majority of cases, this aim is limited by lightning protection. Properties with min 1 building with PV system Here we have been diligent in recent years and have advanced the expansion of the PV systems. Full expansion is likely to be achieved in most cases. Close compression may still be possible in individual cases. No PV system possible or useful For this group of buildings, in our view, the construction of a PV system is either not possible or does not make sense. Buildings to be renovated without PV system This group of buildings still has a refurbishment of the hull in the coming years in accordance with §9 of the ""Statute on measures to increase energy efficiency"". In the course of the project development for the individual renovations, the installation of a PV system is examined and then, if necessary, implemented with the project hull renovation. Based on the current expansion, a further 300-350 kWp is expected for this sector. Currently, 10 thermal solar systems with 502 m ² are in use.",,,,,,,,
AT_221,Vienna's Smart Climate City Strategy,"As early as 2014, the Vienna Municipal Council set a milestone with the Smart City Vienna Framework Strategy to ensure high quality of life for all Viennese – with a target horizon of 2050. In 2020, the goal of climate neutrality by 2040 was enshrined in the Vienna Government Agreement and the Vienna Smart Climate City Strategy was revised accordingly. https://smartcity.wien.gv.at/strategy/",Overarching Master Plan for Energy,Climate neutrality by 2040,from the current budget of the City of Vienna,"City of Vienna, City Councillor for Climate, Environment, Democracy and Human Resources","The Vienna Smart Climate City Strategy is a guideline for the numerous implementation measures in the energy sector, with the goal of climate neutrality by 2040.",constantly,Since 2014,Ongoing until 2040
AT_222,Vienna Climate Roadmap as a comprehensive catalogue of measures,"The Vienna Climate Roadmap describes our common path to achieving Vienna's climate targets by 2040 in the sense of a climate-controlled city. The Vienna climate targets were agreed in the Government Agreement 2020 or adopted by the City Council in the updated Smart City Strategy Vienna (2022) and include targets for both climate protection and climate adaptation. Through their interaction, the quality of life for all Viennese is to be ensured and climate neutrality and climate resilience is to be achieved. https://www.wien.gv.at/special/climate timetable/with-the- Vienna-climate timetable-plan-to-climate-friendly-city/climate timetable-to- climate-friendly-city/","Strategy on different CO2 intensive sectors (buildings, mobility, etc.) and climate change adaptation",Climate neutrality by 2040,from the current budget of the City of Vienna,"City of Vienna, City Councillor for Climate, Environment, Democracy and Human Resources","The Vienna Climate Roadmap is a guideline for the numerous implementation measures in the energy sector, with the goal of climate neutrality by 2040.",constantly,since 2022,Ongoing until 2040
AT_223,Vienna Energy Advisory Centre against Energy Poverty,More and more people are affected by energy poverty due to the inflation of electricity and heat prices in recent years. Wien Energie's Energy Poverty Advisory Service offers support to these people. https://www.wien.gv.at/cohabitation/social assistance-minimum security- support-at-energy costs,"Awareness-raising, counselling",Support in financial emergencies.,,,Reduction of financial distress.,constantly,,constantly
AT_224,Vienna Garage Act,"(3) In the case of the construction of garages, fire-protected passages of an empty piping for the production of a power supply for the parking spaces must be provided for the subsequent creation of loading areas for electrically powered motor vehicles. Space reserves for electricity metering and distribution as well as planning reserves for grid connection power shall be taken into account. (3a) In the case of new construction of non-residential buildings which have more than ten parking spaces, at least one la depunkt shall be erected for every tenth parking space and an empty straw within the meaning of paragraph 3 for at least every fifth parking space. This also applies to major renovations of such non-residential buildings, provided that the parking spaces are located within the building or adjacent to the building; and the renovation measures include one of these pitches or the electrical infrastructure of the building. (3b) In the case of new residential buildings with more than ten parking spaces, at least one charging point shall be installed for every tenth parking space and an empty piping within the meaning of paragraph 3 for all other parking spaces. This also applies to major renovations of such residential buildings, provided that the parking spaces are located within the building or adjacent to the building; and the renovation measures include one of these pitches or the electrical infrastructure of the building. (3c) In the case of existing non-residential buildings which have more than 20 parking spaces, at least one charging point shall be built for every tenth parking space by 1 January 2030.",Building regulations,Multiplication of recharging points,,"Business Group for Housing, Housing, Urban Renewal and Women",Retrofitting and upgrading a modern and sustainable mobility infrastructure in residential construction in order to stimulate attractive and climate-friendly mobility.,constantly,,constantly
AT_225,Viennese Heat and Cold 2040,"The concept of ""Out of Gas - Viennese Heating and Cooling 2040"" provides an overview of the most important instruments and tools to heat and, where possible, cool all residential buildings in Vienna with renewable energy by 2040. These include: technical solutions, legal framework conditions, subsidies and the energy space platform. https://www.wien.gv.at/environment/waerme-und-kaelte-2040",Basic technical research,,Budget of the City of Vienna,"City of Vienna, City Councillor for Climate, Environment, Democracy and Human Resources",,,,
AT_226,Viennese building regulations,"In the case of additions and conversions, as well as modifications and repairs of at least 25 % of the surface of the building envelope of Gebäu, those in Building Class I which do not contain more than two dwellings, with the exception of the buildings referred to in Section 118(4), the uppermost accessible ceilings of heated rooms of the entire building or the roofs directly above must be insulated in such a way that the requirements for new buildings for heat-transfer parts are met.",legislative,,Non-budgetary,City of Vienna (construction police),Reduction of final energy consumption,constantly,,constantly
AT_227,Viennese building regulations,"In the case of new construction, additions and conversions and in the case of changes and repairs of at least 25 vH of the surface of the building envelope as well as in the case of changes to the technical building system for heat supply, highly efficient alternative systems must be used, provided that this is technically, ecologically and economically",Legislative building regulation,Reduction of fossil-fuelled heating systems,,"Business Group for Housing, Housing, Urban Renewal and Women",Reduction of fossil-fuelled heating systems,constantly,,constantly
AT_228,Viennese heating plan 2040,The Viennese heating plan 2040 shows which heating supply is most suitable for buildings that are currently still heated with oil or gas in the respective areas. It includes all the built-up areas of the city. https://www.wien.gv.at/environment/waermeplan-2040,,,,"City of Vienna, City Councillor for Climate, Environment, Democracy and Human Resources",,,,
AT_229,Village & urban renewal,"In six important thematic areas – photovoltaics, e-mobility, ‘getting out of the oil’, heat consumption, street lighting, climate adaptation – targets have therefore been defined in coordination with the Land Lower Austria, which must be achieved. Currently, plans are being made that provide orientation to the 573 municipalities and cities and make the successes more measurable and visible.",The Climate Compass enables a quantitative measurement of the 2030 climate targets for municipalities in Lower Austria and points the way to reaching the target. This dynamic online tool is available to all municipalities. The combination of statistical data and individual data inputs on the part of the municipalities enables precise real-time evaluation. The Climate Compass represents exemplary commitment to active climate protection and strongly demonstrates how decisively your community is addressing the challenges of the energy transition.,Climate compass,,,,,,
AT_230,WAFF – Green Jobs,"Green jobs – also known as eco-jobs or climate-related professions– help to mitigate climate change, preserve nature and support a green economy. Above all, it is about protecting and restoring the environment and promoting sustainable development. https://www.waff.at/professional training/climate-relevant professions- green- jobs/",Economic development measure with a focus on infrastructure development and employment promotion,Increasing the supply of skilled workers.,from the budget of the City of Vienna,Fund of the City of Vienna,The measure is expected to have a positive effect on the regional economy and employment and to ensure that sufficient skilled workers are available for future tasks.,constantly,,constantly
AT_231,We SAN Vienna,"‘Wir SAN Wien’, as the City of Vienna’s refurbishment offensive, is leading the city into the future. The goal: to make the city climate- and future- proof. The focus is on the renovation of residential buildings and blocks of houses over the next decades. The public space in between is also being redesigned and made climate-friendly. The aim is to preserve the quality of life and affordable housing in Vienna in the face of new challenges such as rising heat in the summer and climate change. All areas of climate protection play a role – for example, greening, insulation, renewable energy and various forms of participation.",Financial support measures,The aim is the best possible sustainable further development of residential areas.,subsumed in the budget of the Recovery and Decarbonisation Ordinance 2024,"Business Group for Housing, Housing, Urban Renewal and Women",The aim is the best possible sustainable further development of residential areas.,constantly,,constantly
AT_232,"Workshops on ""Potentials of the Circular Economy""","Tyrol is involved in several EU projects, where concrete experiences in the implementation of the circular economy are gathered in exchange with other countries and neighbouring regions (CHEERS4EU, Inno.Circle, ASTER). The objective of the programmes is to reflect on these findings (policy recommendations) also with the policy and policy makers at country level and to use them as added value for operational implementation. To this end, regular exchanges – bundled across ongoing projects and involving all operationally affected departments – are sought. The aim of this exchange is in particular to: - a deeper understanding of the relevant factors for the circular economy - optimising the effectiveness of the instruments in their combinations - Identification of stakeholders' needs and joint solutions for implementation - Input for the further development of the action programmes on the above-mentioned strategies",Data collection and analysis measure,"There is no concrete, publicly quantified objective in figures, but the measure aims at a clear competence within the Office of the Tyrolean Provincial Government and the subsequent establishment of the required structures.",Budget appropriations Office of the Tyrolean State Government,"Department of Regional Development, Department of Building Construction, Department of Housing Promotion, Department of Central Construction Services, Department of Environmental Protection, Energy Agency Tyrol",Raising awareness and leading the way as an example for the construction industry,Ongoing experience and exchange Stakeholders,End of 2025,No period set
AT_233,aws Building(s) Tomorrow,"The aim of the aws Building(s) Tomorrow Initiative is to identify and promote Austrian innovation potential in technical development and in the first phases of economic implementation. Measures to raise awareness, network and exchange know-how as well as monetary support are intended to address disruptive innovation opportunities in the building sector in a targeted manner. With this, the aws wants to contribute to the transformation to an economic, ecological and socially fair (more) building sector and to proactively support it.","RTD action (research, technology, innovation)","The aim of the aws Building(s) Tomorrow funding programme is to highlight the disruptive and innovative potential of Austrian companies and research institutions in the building and construction sector. In particular, companies and research institutions should be encouraged to put disruptive, radical ideas into practice. Specific projects will therefore be funded in the following phases: - Validation of proof-of-concept, - Development and construction of prototypes and - Implementation of pilot and demonstration activities",2024: approx. 2.5 MEUR 2026: approx. 3 MEUR,Austria Wirtschaftsservice GmbH (aws),"a) Radical technical leap Indicators: The project is a leap forward innovation with a high technological risk, especially with regard to the use of new materials, manufacturing processes, high-risk technologies, etc. Measurement Comparative studies, patents, technical specifications, risk analyses. b) Disruption of markets Indicators: Innovation has the potential to appeal to completely new groups of customers or to displace existing market participants. These innovations are rarely more complex than current solutions, but are significantly cheaper to use a smarter, smaller or more convenient. Measurement: market analyses, surveys, interviews, case studies. c) Efficiency and economic impact Indicators: cost savings, revenue growth, new markets, ROI. Measurement: cost savings compared to traditional me thoden, ROI, market share. d) Social and ecological impact Indicators: social infrastructure, environmental impact, jobs. Measurement: Socio-economic analyses, sustainability reports, CO2 balances. The projects must be compatible with the objectives of the European Green Deal and comply with the principle of the Do-No-Significant- Harm.",1. Call for tenders closed 11/25 2. Call for tenders 2026 in preparation,2024,2024-2027
AT_234,climate-active,"klimaaktiv is the climate protection initiative of the Austrian federal government, which supports people, companies and municipalities in implementing climate-friendly measures. It offers expertise, works and a network on topics such as energy saving, renewable energies, energy- efficient construction and sustainable mobility. A significant part is the building standard, which evaluates buildings according to quality, energy efficiency and ecological construction and distinguishes them in three stages (bronze, silver, gold).",Climate and Energy Strategy Styria 2030 plus Link: https://www.technik.steiermark.at/cms/ziel/128523298/en/,"The main objective of klimaaktiv is to accelerate the market penetration of climate-friendly products and services and thereby reduce greenhouse gas emissions in Austria. The initiative complements legal requirements and funding with the following measures. • Construction and renovation: Support for new buildings and renovations to make buildings more energy-efficient, comfortable and ecological. • Mobility: promoting environmentally friendly mobility through advice and financial incentives for e-mobility, cycling infrastructure and other measures in municipalities. • Renewable energies: advice and support in the use of renewable energy sources. • Energy saving: measures and advice to reduce energy consumption in households, municipalities and companies. Link: https://www.klimaaktiv.at",,"Federal Ministry for Innovation, Mobility and Infrastructure (BMIMI) Federal Ministry for Economic Affairs, Energy and Tourism Federal Ministry of Agriculture, Forestry, Climate and Environment Protection, Regions and Water Management (BMLUK) Province of Styria Anchored in areas of housing promotion in Styria. Regional partners:innen - A15 Energie, Wohnbau, Technik represented by Energie Agentur Steiermark","The goal of climate-active construction is to minimize the negative impact on the climate and make buildings resilient to climate change. This is done by reducing energy and resource consumption as well as greenhouse gas emissions throughout the life of a building, from construction and construction to operation and dismantling. It aims to accelerate the spread of climate-friendly construction methods.",constantly,constantly,constantly
AT_235,e5 National Programme for Energy Efficient Communities,"The e5 Landing Programme for Energy Efficient Municipalities supports municipalities in structured and sustainable energy and climate protection work. In addition, the e5 programme sees itself as a continuous improvement process – and municipalities in the programme receive concrete and longer-term support, including regular meetings and individual proposals for the specific problem situation. The result of the evaluation is presented in e’s (up to 5 e’s can be achieved). The number of e’s thus serves as a comparable sign of the current state of the municipality in the area of climate protection, energy and sustainability.",Climate and Energy Strategy Styria 2030 plus Link: https://www.technik.steiermark.at/cms/ziel/128523298/en/,"Membership in the e5 programme offers a wide range of benefits for the municipality and its citizens. In addition to material advantages (e.g. cost savings through increased energy efficiency), it is above all the long-term structures and working methods that distinguish e5 municipalities from other municipalities and make up the energy and climate policy success.","Department 15 Energy, Housing and Technology","Department 15 Energy, Housing and Technology Link: becoming an e5 municipality – e5 Styria",Increase in participating municipalities,constantly,constantly,constantly
AT_236,"""e5 National Programme for Energy Efficient Municipalities""","The e5 Landing Programme for Energy Efficient Municipalities supports municipalities in structured and sustainable energy and climate protection work. In addition, the e5 programme sees itself as a continuous improvement process – and municipalities in the programme receive concrete and longer-term support, including regular discussions and individual proposals for the specific problem situation. The result of the evaluation is presented in e’s (up to 5 e’s can be achieved). The number of e’s thus serves as a comparable sign of the current state of the municipality in the area of climate protection, energy and sustainability.",Raising awareness among municipalities and the population about the expansion of renewable energies and increasing energy efficiency.,"Membership in the e5 programme offers a wide range of benefits for the municipality and its citizens. In addition to material advantages (e.g. cost savings through increased energy efficiency), it is above all the long-term structures and working methods that distinguish e5 municipalities from other municipalities and make up the energy and climate policy success.",Basic financing by the state of Vlbg + collection of membership contributions by the municipalities,Department of Energy and Climate Protection,Increase in participating municipalities,"As of 2025, 50 of the 96 Vlbg are participating. Municipalities in the programme",1998,continuously
AT_237,"""e5 National Programme for Energy Efficient Municipalities""","The e5 Landing Programme for Energy Efficient Municipalities supports municipalities in structured and sustainable energy and climate protection work. In addition, the e5 programme sees itself as a continuous improvement process – and municipalities in the programme receive concrete and longer-term support, including regular meetings and individual proposals for the specific problem situation. The result of the evaluation is presented in e’s (up to 5 e’s can be achieved). The number of e’s thus serves as a comparable sign of the current state of the municipality in the area of climate protection, energy and sustainability.",Raising awareness among municipalities and the population about the expansion of renewable energies and increasing energy efficiency.,"Membership in the e5 programme offers a wide range of benefits for the municipality and its citizens. In addition to material advantages (e.g. cost savings through increased energy efficiency), it is above all the long-term structures and working methods that distinguish e5 municipalities from other municipalities and make up the energy and climate policy success.",Basic financing by the state of Carinthia + collection of member contributions by the municipalities,"Dept. 15 – Location, Spatial Planning and Energy",Increase in participating municipalities,"As of 1.9.2025, 50 of the 132 Carinthian municipalities are participating in the programme",2004,Continuous from 2004
AT_238,e5 Programme for municipalities,"The e5 programme supports municipalities that want to use energy more efficiently and in a more environmentally friendly way and to expand the use of renewable energy sources. It helps you to implement long-term energy efficiency measures. Hardly any other initiative has a similarly successful, comprehensive and consistent approach at the municipal level.","Training, awareness-raising activities","sustainable, economic, regional development and promotion at municipal level",€3 million in 2024; €3 million in 2025; €3 million in 2026; €3 million in 2027; 2028 €3 million,"Energy Agency Tyrol; Bürgerstraße 1-3, 6020 Innsbruck","Sustainable, economic regional development",,2024,2024-2028
AT_239,environmental service salzburg,"Mediation of subsidised environmental consultations for Companies, municipalities and other institutions and the public's information on environmental issues in the province of Salzburg. Through information and advice in the areas of environmentally friendly energy supply, energy and resource efficiency, world-friendly production, waste prevention and waste recycling, mobility, air pollution control and climate protection, sustainable development is to be promoted for the region. Specific target groups will also be supported through thematic education and training.","Consulting: technical, economical, ecological",,"Climate Fund (Bund), State of Salzburg, Salzburg AG, Salzburg Chamber of Commerce (annual budget: approx. € 1 million)",environmental service salzburg,Implementation of measures,constantly,2004,constantly
AT_240,environmental service salzburg,"Information and knowledge transfer, as well as networking and exchange on environmentally relevant topics for companies and institutions (e.g. Events ‘Entrepreneurs breakfast’, ‘Live on the farm’, meetings of consultants, newsletter and homepage)","Awareness-raising, training",,"Climate Fund (Bund), State of Salzburg, Salzburg AG, Salzburg Chamber of Commerce",environmental service salzburg,Knowledge transfer and information,constantly,2004,constantly
AT_241,kea Energy Poverty Pilot Project: From ? to Aha Experience,"kea finances ambitious small-scale and pilot projects to alleviate energy poverty and improve access to renewable energies and energy literacy for vulnerable households. In the project ‘From ? to the Aha Experience’, a network of voluntary multi-pliers is set up to act as language and knowledge facilitators on the topic of energy. It includes group settings for the common understanding of energy bills, individual consultations and low-threshold exchange formats, thus increasing the energy literacy of the target group.",Economic (financing),,"€30,853.76 from the Climate and Energy Fund",Climate and Energy Fund,Improving energy literacy in vulnerable households.,constantly,30.11.2025,30.11.2026
AT_242,"kea Energy Poverty Pilot Project: Understanding Electricity Bills - Made Together, Simply Explained","kea finances ambitious small-scale and pilot projects to alleviate energy poverty and improve access to renewable energies and energy literacy for vulnerable households. The project ""Understanding electricity bills - made together, simply explained"" is carried out by Eva Lems - Office for Energy and Environmental Affairs together with the Red Cross Austria. It develops a learning video for households, which imparts basic knowledge about electricity bills and thus increases energy literacy in the target group.",Economic (financing),,"€48,030 from the Climate and Energy Fund",Climate and Energy Fund,Improving energy literacy in vulnerable households.,constantly,30.11.2025,31.08.2026
AT_243,kea Energy poverty pilot project: ECO,"kea finances ambitious small-scale and pilot projects to alleviate energy poverty and improve access to renewable energies and energy literacy for vulnerable households. The ECO project trains migrants from Volkshilfe institutions and trains them to become energy coaches (similar to the already successfully running programme of health coaches). It consists of a culturally sensitive basic training with practice-oriented exercises, the further qualification of participants to become energy coaches, which are then again equipped with materials to transfer the knowledge into their communities and thus increase the energy literacy.",Economic (financing),,"€49,983.15 from the Climate and Energy Fund",Climate and Energy Fund,Improving energy literacy in vulnerable households.,constantly,30.11.2025,30.11.2026
AT_244,kea Energy poverty pilot project: Storage4EnergyPoverty,kea finances ambitious small-scale and pilot projects to alleviate energy poverty and improve access to renewable energies and energy literacy for vulnerable households. The Storage4EnergyPoverty project is led by Robin Powerhood and aims to pilot the development of storage solutions for the solidarity energy community in order to be able to use the donated amounts of electricity more efficiently.,Economic (financing),,"€49,870 from the Climate and Energy Fund",Climate and Energy Fund,"Improving the efficiency of donations in solidarity-based energy communities through the use of storage solutions, thereby reducing energy costs for vulnerable households and social organisations.",constantly,30.11.2025,30.11.2026
AT_245,kea Energy poverty pilot project: Understanding and operating room thermostats,"kea finances ambitious small-scale and pilot projects to alleviate energy poverty and improve access to renewable energies and energy literacy for vulnerable households. The project ""Understanding and servicing room thermostats"" develops video guides for energy-saving consultants who explain the setting of room thermostats, as well as for households who want to inform themselves or refresh their advice. The aim is to optimise heating behaviour and improve energy literacy.",Economic (financing),,"€21,398 from the Climate and Energy Fund",Climate and Energy Fund,Improving energy literacy in vulnerable households.,constantly,30.11.2025,30.11.2026
AT_246,kea Energy poverty pilot project: Watt's up?! - energy in everyday life,"kea finances ambitious small-scale and pilot projects to alleviate energy poverty and improve access to renewable energies and energy literacy for vulnerable households. The project Watt's up?! - Understanding energy in everyday life develops together with young people a modular toolkit that aims to strengthen energy competence, climate awareness and social responsibility. Energy literacy should thus become a tangible key competence with real relevance for this target group.",Economic (financing),,"€49,864.03 from the Climate and Energy Fund",Climate and Energy Fund,Improving energy literacy in vulnerable households.,constantly,30.11.2025,30.11.2026
AT_247,‘Carinthian Building Culture Promotion’ – Building Culture and Municipal Building,"Building culture is visible in buildings, streets, squares as well as in village centers, the cultural landscape or commercial parks. Successful construction culture increases the quality of life, enhances the business location Carinthia and therefore needs attention in planning and implementation. Building culture also aims to ensure that all buildings are appropriately designed to the high quality of our landscape and create added value for our living space.","In order to establish a promotion in the sense of an increase in quality for architecturally valuable projects, a comprehensive Baukulturförung was created. It is mainly used for municipal project developments (e.g. building construction projects, space design, urban development) in different scales. The technical implementation is based on the agreed building culture guidelines of the state of Carinthia and can thus be aimed at more quality in planning - through suitable processes and structures. The following modules are available in the context of building culture promotion: • Module 1 Project preparation (phase 0, inventories, studies, concepts) • Module 2 Citizen participation, participatory processes • Module 3 Architectural competition",Depending on requirements and free conveying volume (perpend. 10-15 projects),"State and municipal funds (needs allocation outside the framework) The state budget amounts to around € 200,000 per year for 2025 – 2028",Department 3 – Sub-Department of Economic Community Supervision and Fund Management,High-quality planning and implementation of municipal projects and processes.,Ongoing funding programme,2021,unlimited
AT_248,‘Carinthian Building Culture Promotion’ – Building Culture and Municipal Building,"Building culture is visible in buildings, streets, squares as well as in village centers, the cultural landscape or commercial parks. Successful construction culture increases the quality of life, enhances the business location Carinthia and therefore needs attention in planning and implementation. Building culture also aims to ensure that all buildings are appropriately designed to the high quality of our landscape and create added value for our living space.","In order to establish a promotion in the sense of an increase in quality for architecturally valuable projects, a comprehensive Baukulturförung was created. It is mainly used for municipal project developments (e.g. building construction projects, space design, urban development) in different scales. The technical implementation is based on the agreed building culture guidelines of the state of Carinthia and can thus be aimed at more quality in planning - through suitable processes and structures. The following modules are available in the context of building culture promotion: • Module 1 Project preparation (phase 0, inventories, studies, concepts) • Module 2 Citizen participation, participatory processes • Module 3 Architectural competition",Depending on requirements and free conveying volume (perpend. 10-15 projects),"State and municipal funds (needs allocation outside the framework) The state budget amounts to around € 200,000 per year for 2025 – 2028",Department 3 – Sub-Department of Economic Community Supervision and Fund Management,High-quality planning and implementation of municipal projects and processes.,Ongoing funding programme,2021,unlimited
