measure_id,measure_name,section,description,public_money_spent,european_funding,private_money_spent,listed_in_2020_ltrs
NL_001,Collective heat systems,3.1,"Buildings and homes in the Netherlands must get rid of natural gas. Collective heat will play an important role in this - in addition to heat pumps and sustainable gas. There is a lot of potential for making the built environment more sustainable in collective heat systems, for three reasons: 51 1. collective heat systems are socially the cheapest option for certain neighbourhoods (e.g. where homes are built close to each other and insulation is limited), 2. collective heat systems play an important role in the energy system to unlock certain sustainable sources that otherwise remain unused (e.g. geothermal, aquathermal and residual heat) and 3. collective heat systems limit the necessary reinforcement of the electricity grid for the districts concerned. Over the last few years, projects in a number of major cities have faced barriers to affordability, putting them on hold. For each project, stakeholders look at what is possible to bring these collective heat projects further. However, it also requires longer-term measures to make collective heat attractive to end-users. Last year, first steps were taken to improve this, both through earlier legislative pathways and through additional policy measures. New legislation is discussed below: the Municipal Instruments Heat Transition Act (Wgiw) and the Collective Heat Act (Wcw). These two laws create a robust framework that boosts the development of affordable collective heat. In addition to this legislation, additional instruments are being developed to strengthen the public implementing power, such as a Heat Networks Guarantee Scheme (GRW). € 174.5 million will be made available from the Climate Fund to the Guarantee Scheme for Heat Grids (GRW). This amount will be used in particular as a risk provision in the budget. The risk scheme shall be drawn up at the earliest from mid-2026 for a period of 5 years after which the scheme shall be evaluated.52 As of 2023, the Heat Networks Investment Subsidy (WIS) has been introduced (see also below), which helps to reduce the unprofitable top by means of an investment subsidy. After each opening, the scheme is evaluated, taking into account the lessons learned from 2023 to improve the scheme. A user who connects to a heat network will have to deal with connection costs and internal adjustments. This is discussed in the section on subsidies for connection costs for in-house adjustments. The necessary scaling-up of renewable sources for heat networks is stimulated through the SDE++ (which is addressed in this chapter under ‘Tackling renewable energy sources’), with its own ‘gates’ for low- and high-temperature heat projects.",,,,
NL_002,Collective Heat Act (Wcw),3.1,"The Collective Heat Act (Wcw) will replace the Heat Act. Since 2014, the Heat Act has regulated the supply of heat to consumers and small and medium-sized enterprises for connections up to 100 kilowatts. The Netherlands Authority for Consumers and Markets (ACM) oversees the implementation of the Heat Act. The Wcw aims to facilitate the growth and sustainability of collective heat systems in the built environment. Municipalities will be given guidance to implement their management role in making the built environment more sustainable, as agreed in the Climate Agreement. Sustainability standards are included that drive the efficient sustainability of the heat supply. Security of supply and consumer protection are better ensured, and where possible aligned with the protection at E&G. Finally, new tariff rules are introduced, which increase transparency and gradually base heat tariffs on the actual costs incurred, instead of the current gas reference. With this, the bill steers towards fairer heat rates for consumers and clear revenues for heat companies. A transition period of ten years is foreseen, whereby heat networks must be in public hands for more than 50 percent by 2036. On July 3rd, the bill was passed by the House of Representatives. On 9 December, the Senate approved the Collective Heat Act (Wcw).",,,,
NL_003,Heat networks Investment subsidy (WIS),3.1,"The Heat Networks Investment Grant (WIS) is a multi-year opening for cumulative € 1.6 billion from the Climate Fund and aims to stimulate the realization of heat networks by lowering the unprofitable top. The WIS has been opened twice so far, for the first time in 2023 and for the second time in 2024. A total of 14 projects have been completed and 6 applications are still pending. In 2024, only a quarter of the total open budget was requested and the remaining budget was advanced. The disappointing enthusiasm is due to the reluctance of the large private heat companies to invest in new projects, pending clarification about the public market organisation of the bill Collective Heat Act. The original target for 2030 (500,000 new connections in the existing construction compared to 2021) is no longer realistic and has therefore recently been adjusted to 200,000 new connections in 2030 .",,,,
NL_004,New Heat Now!,3.1,"New Heat Now! (NWN) is an incentive programme of the Dutch government that was established under the National Growth Fund. The program aims to accelerate the development and realization of sustainable collective heat projects. In particular, NWN focuses on projects that use residual heat, aquathermal energy, geothermal energy and other renewable sources. The aim is to enable natural gas-free heating, especially in urban areas, and thus make an important contribution to the energy transition. Since its launch, NWN has made significant progress in realizing natural gas-free neighborhoods and promoting innovative heat solutions. The implementation of NWN projects is supported by grants and guidance, with the focus on combining different heat sources and optimising existing infrastructure. In addition, work is being done to strengthen the direction and cooperation between public and private parties, with the aim of building a robust and future-proof heat infrastructure. The total amount of New Heat Now! is €200 million. Of this, almost €160 million has already been committed to projects, of which €25 million has already been disbursed. The projects consist of 10 ‘flywheel projects’ (warmtenet projects) and 5 innovation projects (warmtenet related) which are united in the Leer & Development Programme of New Heat Now!. Within the L&O, bottlenecks and solutions are brought to the table and discussed openly. Through the joint efforts of municipalities, housing corporations, heat companies and residents, 52 Letter to Parliament on the topicalisation of collective heat | Parliamentary Paper | Rijksoverheid.nl sustainable heat solutions are realized that contribute to the energy transition and the achievement of climate objectives. Together with the WIS scheme, the programme contributes to a future-proof, sustainable heat supply.",,,,
NL_005,Subsidies for connection costs for in-house adjustments,3.1,"A user who connects to a heat network will have to deal with connection costs and internal adjustments. In order to reduce these costs, various subsidies are available. These are components for heat networks from the current broader schemes ISDE (homeowners), DUMAVA (social real estate) and SVVE (for VvEs). In addition, the incentive scheme for natural gas-free rental housing (SAH) is specifically available for the costs incurred for the connection of existing rental housing and owner-occupied housing with purchase and rental housing (or mixed owner-occupied housing) to an external heat network. The commitment is that a new or adapted scheme will enter into force in 2026, streamlining these schemes.",,,,
NL_006,Incentive scheme for natural gas-free rental housing (SAH),3.1,"The Stimulation Scheme for natural gas-free rental housing (SAH) is a subsidy for landlords (housing corporations, institutional investors and private landlords) and mixed VvEs that offers a chance for contributions for the connection of existing (rental) homes to an external heat network. The SAH was part of the Startmotor approach of the climate agreement, aimed at a first scale-up of the sustainability of the housing stock by connecting 100,000 homes to heat in the short term. With the SAH, VvEs and landlords receive subsidies for existing homes that go off natural gas within 6 years through a connection to a heat network. There is a subsidy for adjustments in the homes (indoor housing costs), the connection costs to a heat network and the purchase of fixed income. If the houses are already connected to a heat network, but natural gas is still used for hot water and / or for cooking, you can also apply for SAH for the indoor costs. The rental property will then no longer use natural gas after the execution. From 2025 onwards, subsidies will be available for the purchase of the fixed-duty costs for heat supply for landlords. They must fully use this to buy off the fixed costs for a heat network for ten years, so that the costs of the tenant will ultimately be lower. A maximum of 8000 euros can be requested per property. The total budget for 2024 was €200 million. As of 2025, the budget has been increased by 25 million, intended for a fixed contribution of €2,000 per house for the purchase of fixed income.",€ 65.269.000,€0.00,N.B.,Yes
NL_007,Sustainability of collective heat systems,3.1,"The sustainability of collective heat sources is one of the objectives of the Collective Heat Act (Wcw). The Wcw will require heat companies to gradually increase their sustainability towards 0 kg of CO₂ equivalent emissions by 2050. This is done by setting a sustainability standard per heat lot that regulates the maximum emissions of greenhouse gases. There will be a gradual phasing-out path for the permitted emissions per year that will be elaborated in lower regulations. Once every five years, the established standards will be evaluated for effectiveness and impact. The Wcw also regulates that the Authority for Consumers and Markets (ACM) supervises and can impose sanctions if the permitted emissions are violated. From five years after the first exceedance of the standard, the ACM can firmly maintain and, in the event of a persistent violation, advise the municipality to withdraw the designation or exemption of the heating company. In exceptional cases, an exemption and extension of the performance standards can be granted by the ACM if sustainability is (temporarily) not feasible. Exemption from sustainability standards can be granted in case a heat company cannot meet these standards because the realisation of a new sustainable heat source is not feasible. The Wcw also stipulates that heat companies must share their emissions reports. ACM will publish the performance annually and consumers should also receive the information on emissions via their invoices. Under the current Heat Act, since 2020, permit holders of heat networks have been obliged to report on the sustainability of the heat supplied in their management report. Permit holders are heat companies that supply heat to more than 10 customers simultaneously and 10,000 gigajoules or more per year. In 2024/25, a bill for the Heat Act is in preparation for the implementation of the EED. With this, the Heat Act is adapted to steer towards a more efficient grid or sustainability plans for this in the event of construction and major renovation. Municipal Instruments for Heat Transition Act (Wgiw) The Municipal Instruments for Heat Transition Act (Wgiw) contains amendments to the Environment Act and the Gas Act/Energy Act. The law gives municipalities the power to draw up local rules for the heat transition from gas to sustainable alternatives such as a heat pump or a heat network. Under the Wgiw, municipalities can order network operators to close off districts designated in the environmental plan from the gas. The law is therefore the final piece of the neighbourhood-oriented approach. The law aims to give municipalities the tools to designate areas within their municipality that, in the long term, will no longer be allowed to use fossil fuels for heating buildings and will switch to a sustainable heat supply. With this power, the municipality can implement the transition from natural gas to sustainable alternatives in the built environment by setting local rules. To this end, the municipality can designate districts in the environmental plan where an energy supply with renewable energy becomes available to replace natural gas, the so-called designation authority. The Wgiw requires municipalities to draw up a heat programme by 2026 at the latest. Among other things, the substantive requirements that that program must meet and the update obligation (of 5 years) are elaborated in a General Measure of Management (AMvB), called the Decree municipal instruments heat transition. In addition, various safeguards when deploying the power under the Wgiw are elaborated in the Bgiw. The Wgiw was adopted by the House of Representatives on 23 April 2024. The Senate adopted the proposal on 10 December 2024.53 The Bgiw was suspended from both the First and Second Chambers at the beginning of July (pending procedure). The aim is to have the full Wgiw and the Bgiw enter into force on 1 July 2026. Article IIA entered into force on 1 January. This concerns the amendments to the Heat Act in anticipation of the bill on collective heat that is now before the House of Representatives.",,,,
NL_008,Heat programmes (formerly Heat Transition Visions),3.1,"The heat program is the first step in the planning process under the Wgiw. In the Dutch Climate Agreement (2019), it was agreed that municipalities make plans (transition visions of heat) in which they make clear in which districts they will work in the next 10 years. The Wgiw stipulates that the transition vision heat will be applied as a mandatory program under the Environment and Planning Act, called the heat program. The heat program must be updated every 5 years. The heat programme indicates which districts the municipality will work with in the coming period, of at least ten years. This can involve both (the municipality's commitment to) insulation and the switch to a sustainable alternative to natural gas. This gives the municipality and stakeholders a picture of the heat transition in the built environment and gives them a perspective for action. The heat program describes whether, when and how the district is preserved. In doing so, the timeline of making the district more sustainable and potentially available sustainable heat alternatives are mapped out. By 31 December 2027, municipalities must update their current heat transition vision and adopt a new heat programme. Municipalities can make use of the knowledge and insights of the National Local Heat Transition Programme, including the heat programme support offer, when drawing up the heat programme.",,,,
NL_009,National Program for Local Heat Transition (NPLW),3.1,"The National Program Local Heat Transition (NPLW) is an inter-administrative program of the government, VNG and IPO. The NPLW was officially launched on 1 January 2023 and builds on the knowledge of the Natural Gas- Free Neighbourhoods Programme (PAW) and the Expertise Centre for Heat (ECW).",,,,
NL_010,Scheme for the capacity of local and regional authorities for climate and energy policy (CDOKE),3.1,"On 27 February 2023, the temporary scheme for the capacity of local and regional authorities for climate and energy policy (CDOKE) was published55. The aim of this scheme is to have municipalities and provinces build up an internal organisation aimed at carrying out tasks resulting from the Climate Agreement. The scheme initially allocated funds for three years. The recent recalibration of the scheme updates the activities and associated resources for the performance of the tasks for the period 2025-2030. In addition, the Regional Structure Grant Scheme National Programme for Local Heat Transition has been set56 up, with which municipalities can organise support at regional level with each other and with the help of the province and NPLW.",,,,
NL_011,National Insulation Programme (NIP): the local approach by municipalities,3.1,"The local approach to isolation by municipalities concerns action line 1 of the National Insulation Programme57. The objective of action line 1 of the NIP is to isolate approximately 750,000 owner-occupied and mixed housing units between 2022 and 2030 through a local approach together with municipalities. Municipalities can submit multi-year plans aimed at improving homes with the worst energy labels and low WOZ values. For the local approach can be connected to the transition visions heat and residents initiatives. In this way, different channels reinforce each other as much as possible. Around €1.6 billion is currently available for Action Line 1. The funds can be used by municipalities to improve owner-occupied homes or homes in a mixed housing estate with energy label D or lower (or a similar energetic state) and 80% of the homes must have a WOZ value below the average of the WOZ value of owner-occupied homes in the municipality or below the NHG limit. These resources can be used for the application of insulation and ventilation measures, for financial support, but also for practical support in the sustainability process and relief. The funds can be used on top of national subsidies and are mainly intended to help people who need extra help the most to combat energy poverty as much as possible and to stimulate collective action. In all tranches of the local approach, the funds can also be used for do-it-yourself measures. Do-it-yourself can save costs when insulating. It also reduces the pressure on the execution capacity available in the market. The local approach builds on the resources already made available to municipalities between 2019 and 2023 that allowed small measures to be taken (such as the application of LED lamps, radiator foil and draft strips). With the approaches that have been developed for this purpose, networks have emerged and energy coaches and fixers have come ‘behind the front door’. From the networks, the contacts already made and the application of small measures, steps can also be taken to apply large measures.",,,,
NL_012,Green in and around the city,3.1,"Urban green space is important for a livable city, for various functions. The Netherlands is working on the implementation of the EU Nature Restoration Regulation. In the coming period, an elaboration will be given to the article that focuses on urban ecosystems and within them urban green space and urban tree canopy cover. Building on the approach Green in and around the city (GIOS) of VRO and LVVN. With the GIOS Handreiking, we offer municipalities and provinces both substantive and process-based tools to include green equivalent to other themes within the spatial domain in planning. In the Handreiking we present a guarantee system. Municipalities and provinces can work directly, on a voluntary basis.",,,,
NL_013,The National Living and Safety Programme (NPLV),3.1,"The National Programme for Liveability and Safety (NPLV) works in 20 areas in Dutch cities to improve quality of life and safety, because it is under heavy pressure there. Three substantive goals are being worked on: improving poor housing and ensuring more mixed neighbourhoods, allowing residents to participate more in society and tackling (youth) crime. In the 20 NPLV areas, the construction of approximately 15,000 homes is in preparation with the use of the Housing Impulse (Wbi) and the Startbouwimpuls (Sbi). With the use of funds from the Housing Fund (VHF), almost 1,400 vulnerable homes have been improved, with 4,590 homes starting with this. Furthermore, a total of around 30,000 to 40,000 households in the NPLV areas have been helped with energy-saving facilities for lower energy bills and a healthier living environment. In five areas, 400 homes with energy label D-G have been insulated in the past year with the help of the National Insulation Programme (NIP).",,,,
NL_014,"Approach aimed at individual homeowners, VvEs and rental properties",3.1,,,,,
NL_015,Houses for sale,3.1,"Owner-residents of owner-occupied homes are encouraged to get started with sustainability through attractive, widely accessible subsidies and financing. These are explained below. Furthermore, homeowners are encouraged and supported with communication campaigns, the national platform www.verbeterjehuis.nl and energy counters. These are also described later, in the section on Energiehuizen.",,,,
NL_016,National Insulation Programme (NIP),3.1,"Action lines 1 and 3 of the National Insulation Programme are important pillars of the policy aimed at making owner-occupied homes more sustainable. Action Line 3 aims to isolate 750,000 owner-occupied homes on its own initiative (and through collective purchasing) by 2030. Action line 1 also provides additional support through municipalities for some 750,000 owner-occupiers who need it to become more sustainable (see above).",,,,
NL_017,Investment subsidy Sustainable Energy and Energy Savings (ISDE),3.1,"The Investment Grant for Sustainable Energy and Energy Saving (ISDE) is a subsidy for energy-saving and sustainable measures for homeowners and business users. The ISDE subsidizes on average 30% of the purchase costs. For insulation measures, 1 measure has a subsidy intensity of 15% and for 2 or more measures this is doubled to 30%. This is to encourage homeowners to take several measures at the same time. By 2026, the ISDE budget will be €500 million. Every year a new budget is available. ISDE will continue until 2030. A total of €2.25 billion is available for the period 2026 to 2030. Homeowners receive subsidies for: • insulation measures • heat pumps • solar water heaters • connection to the heat network • Electric Cooking Equipment Business users receive subsidies for: • heat pumps • solar water heaters • small-scale wind turbines It is also possible to apply for ISDE as an intermediary for a homeowner. In addition, since February 2024, municipalities can apply for and receive the ISDE on behalf of homeowners, in order to unburden their residents. Municipalities can thus pre-finance this part of the costs, for example with funds from the Specific Allowance (SpUk) Local Approach Isolation and subsequently submit and receive the application for the ISDE. As of 2024, a bonus subsidy will also be available if biobased environmentally friendly insulation material is used, as is the case with the Subsidy Scheme for Sustainability for Owners' Associations (SVVE) and the Subsidy Scheme for Sustainability and Maintenance of Rental Homes (SVOH). In addition, the subsidy conditions for monuments have been relaxed as of 2024.",€ 512.430.000,€0.00,"€1,939,000,000",Yes
NL_018,Insulation homes Groningen and North Drenthe,3.1,"From 2025, homeowners in the province of Groningen and in the municipalities of Aa and Hunze, Noordenveld and Tynaarlo in North Drenthe can apply for a subsidy to isolate their home. This measure is one of the measures from the Cabinet response Nij Begun, following the report of the Parliamentary Committee of Inquiry into Natural Gas Extraction Groningen. The budget for measure 29 (Insulation approach for homes in Groningen and North Drenthe) is 1.65 billion euros. Of this, 1.5 billion is for measures and 150 million for implementation. The budget for measure 28 (Reinforcing and combining insulating measures) is EUR 380 million. Different conditions apply depending on the target group.",,,,
NL_019,National Heat Fund,3.1,"The National Heat Fund Foundation provides loans to homeowners for substantial energy-saving measures, such as solar panels, heat pump, HR glass and insulating walls, floor and roof.The aim is to have provided 6.4 billion euros in loans by 2030. In other words: the financing of 830,000 energy-saving measures for 500,000 households and educational institutions. The financing possibilities of the National Heat Fund have been expanded in several ways since the end of 2022: • Homeowners without loan space. For this group, consumer financing of up to 10,000 euros is available at zero percent interest. For the first five years, the homeowner does not pay any repayment, after which a reassessment is carried out. • Low-income and low-middle-income homeowners. They can borrow at an interest rate of 0%. • The funding possibilities have been extended to small VvEs with less than eight apartment rights. VvEs receive an interest rate discount. For homeowners with a low or middle income, the interest rate at the Warmtefonds for the entire term is zero percent and there are no closing costs. The National Heat Fund puts the money in a building depot, so that the installer or contractor is then paid. Homeowners repay the financing in seven, ten or twenty years. In the case of interest-free financing, the amount that people repay monthly is usually less than the savings on the energy bill. Especially in combination with the national subsidy through the ISDE and the municipal subsidy (local isolation approach). The National Heat Fund is available for all homeowners, including those who are not eligible for a loan from the bank on the basis of their income or age. National Heat Fund and RVO are working on a pilot in which homeowners who apply for a loan also receive the offer to have the ISDE arranged by the Heat Fund.","€335,390,000",€0.00,N.B.,Yes
NL_020,Temporary Mortgage Credit Scheme,3.1,"Since January 2024, the Mortgage Loan Standards (Temporary Mortgage Credit Regulation) have made it possible to include additional borrowing space to make the home more sustainable.",,,,
NL_021,Improving the provision of information on financing options for sustainability,3.1,"The government writes a guide for municipalities on how they can offer homeowners support in the financial aspects of sustainability. The Dutch government is investigating the integration of sustainability in mortgage software. The aim is to support advisors in providing financial advice on the investment needed to become more sustainable. It is desirable that they can easily see in their software package which financial options exist and financing options for sustainability (including through subsidies, the National Heat Fund, consumer and mortgage credit) are discussed as standard in advisory meetings. This research is ongoing and initial results are positive. Possibly actual implementation will take place in early 2026.",,,,
NL_022,The Standard for home insulation and target values,3.1,"On 23 June 2021, the government published the Standard for residential insulation and the target values for building elements. The Standard originated from the Climate Agreement and was drawn up by a committee consisting of a broad representation of interested parties, such as the Association of Dutch Municipalities (VNG), Bouwend Nederland, Techniek Nederland and the Woonbond. The Standard indicates when a home is future-proof insulated and ready for a sustainable heat solution. The Standard is largely insulated, but this is possible with measures within the existing construction. When setting the standard, the feasibility of measures in an existing building has therefore been taken into account. The number of the Standard indicates the net heat demand of a house in kWh/m²/year) according to a calculation with the NTA-8800. The height of the standard is determined with a formula, which differs for 4 categories: pre-war and post-war combined with housing type multi-family or single-family. In addition, the ratio of the surface of the house and the surface of facades and roof (Als) also determines the height of the standard. The starting point is that post-war homes that meet the standard are suitable for heating with low temperature release (50 degrees supply) and pre-war suitable for MT heat supply (70 degrees supply). Agreements have already been made with the housing corporations about homes that need to be insulated, so that the average heat demand of the housing stock decreases. The standard is the reference value. See the section on the National Performance Agreements (NPA) under the heading Rental Homes below.",,,,
NL_023,Associations of Owners (VvE),3.1,"In the Netherlands, approximately 1.4 million owner-occupied and rental homes are covered by a VvE. This represents 18% of the total number of homes. Many non-residential functions, such as shops, are also in a VvE. If an apartment owner wants to invest in a more energy-efficient apartment, for example to reduce the energy bill, that is not easy, because apartment owners usually have to arrange that together. The Acceleration Agenda for making VvEs more sustainable sets out plans to help VvEs become more sustainable58.",,,,
NL_024,Simplification of VvE decision-making,3.1,"In order to simplify the decision-making process of VvEs, the government intends59 to amend the Civil Code. The government programme has confirmed that decision-making on sustainability measures will be simplified. The legislative amendment means that a majority of 50% +1 of the votes is sufficient for a decision to be taken on sustainability measures and maintenance measures. And that there is no longer a mandatory attendance requirement (quorum) for a VvE decision is. The draft legislative proposal for a simpler decision-making within VvEs will be submitted for internet consultation at the end of 2025. VvEs can already get started and fortunately this is also happening more and more often. But in order to accelerate, VvEs ask for more information and guidance. That is why several initiatives have been launched for VvEs.",,,,
NL_025,Unburdening VvEs,3.1,"Unburdening VvEs involves making funds available for activation, construction and process guidance for sustainability and drawing up multi-annual maintenance plans of VvEs. In the Multi-annual Programme Climate Fund 2024, 25 million euros were allocated for a national plan of action to make the 1.2 million homes in Associations of Owners (VvEs) in the Netherlands more sustainable. First of all, efforts are being made to activate and unburden VvEs (particularly small ones). Activation is done on the one hand by encouraging VvEs to become more sustainable in laws and regulations and on the other hand with help in physical and digital form in setting up the organisation of the VvE.",,,,
NL_026,Milieu Centraal opens national knowledge centre to make VvEs more sustainable,3.1,"Since December 2024, Milieu Centraal has been supporting municipalities and market parties with a new knowledge centre that focuses on making VvEs more sustainable, using the available knowledge at national level to strengthen local sustainability. In 2025, apartment owners who want to get started with their VvE can also contact this knowledge centre themselves for first practical support, advice and tools. Start of training Utrecht University of Applied Sciences process supervisors on making VvEs more sustainable Utrecht University of Applied Sciences has started training process supervisors who guide VvEs during the sustainability process. These professionals play a crucial role by helping to organize sustainability on behalf of the apartment owners. The training is linked to the register ‘Process supervisor for sustainability (VvE)’ at the Sertum Institute. This ensures professionalism and quality.",,,,
NL_027,Improving the financial possibilities of VvEs,3.1,"Improving financial support for VvEs is an important part of the VvE Acceleration Agenda. It starts with the creation of a plan and for that, more subsidy is available from the Subsidy Scheme for Sustainability for Owners' Associations (SVVE). There are several subsidies for implementing energy-saving measures: • The SVVE is not only for advice, but also for the implementation of the measures. • For mixed VvEs (i.e. with private buyers and landlords), there is the incentive scheme for natural gas- free rental housing (SAH). • If apartment owners start using energy-saving measures on non-collective buildings (sometimes window frames and glass, for example, are individually owned) they are eligible for ISDE. • In addition, in the local approach of the National Insulation Programme, municipalities can also use resources to combat energy poverty and to isolate homes of owner-occupiers with poor labels to help VvEs become more sustainable. The VvEs acceleration agenda sets out the ambition to improve borrowing opportunities. For example, the application procedure at the National Heat Fund has been improved and VvEs receive an interest discount. In recent years, we have seen an increase in the number of VvEs that borrow. It is then the legal entity VvE that takes out the loan. The VvE pays repayment and interest to the financier, such as Nationaal Warmtefonds or Svn. The apartment owners do not take out a personal loan themselves. When selling the apartment there is no hassle. In fact, when sold, the apartment is more attractive, because these VvEs are seriously involved in maintenance and sustainability. The incomes of the members of the VvE do not play a role in this lending. It may happen that some apartment owners have difficulty paying the increase in the monthly VvE contribution, if it is increased by the VvE in connection with the loan. National Heat Fund is currently preparing a scheme for these owners. The idea is that individual VvE members, after checking their income and expenses, can be eligible for a financial contribution during the first years of the VvE energy savings loan. The National Heat Fund is expected to start this scheme in the second half of 2025. Another development is that SVn started the Future-proof Maintenance Fund for VvEs, which provides financial support for necessary and overdue maintenance and sustainability for VvEs from eight apartments onwards. In the case of mixed VvEs, consisting of a mix of private and professional landlords such as housing corporations and investors, the renting parties also have the possibility to repay their share of the investment directly on the loan, so that they have no obligations and liabilities towards the fund afterwards. The Future-proof Maintenance Fund for Owners’ Associations is available everywhere in the Netherlands. Specifically for small CoEs (<8 apartments), there is already an arrangement for the situation where one member cannot fulfil his/her obligations at any time. One possibility is that after a review of the financial situation of this member, the Warmtefonds will (temporarily) reduce the monthly charge for the VvE by the amount that the non-sustainable VvE member should have paid.",,,,
NL_028,Sustainability subsidy scheme for owners' associations (SVVE),3.1,"The sustainability subsidy scheme for owners' associations (SVVE) is a subsidy for (mixed) Owners' Associations (VvE), housing associations or housing cooperatives to make their building more sustainable. This can be done, for example, by taking energy-saving measures or purchasing a heat pump. The budget of the Sustainable Development Grant Scheme for Owners' Associations (SVVE) for the period 2023 to 2027 is €76.1 million. This total subsidy budget is for both sustainability measures and sustainability advice and research. The SVVE applies fixed amounts per m2 or per unit per sustainability measure. As with ISDE, an average percentage of 15% of the insulation costs applies to one measure, and an average subsidy of 30% applies to two or more measures. As of 1 January 2025, the SVVE has been amended on a number of aspects. For example, the maximum subsidy for advice and process guidance has been increased and the subsidy possibilities for advice, research and (construction) guidance have been expanded.","€5.760,000",€0.00,N.B.,
NL_029,Rental properties,3.1,The Netherlands has approximately 3.4 million rental homes: approximately 2.3 corporation rental homes and approximately 1.1 million rental homes from private landlords. This represents about 40% of the total housing stock. Most low-income people live in rental housing. Sustainability in the rental sector has an important challenge and that is the so-called split incentive. This means that the direct benefits of the investment by the landlord (largely) benefit the tenant in the form of a lower energy bill.,,,,
NL_030,National Insulation Programme (NIP),3.1,"In action line 2 of the NIP, the objective is to have 1 million rental homes isolated to the Standard by landlords before 2030.",,,,
NL_031,Subsidy Scheme for Sustainability and Maintenance of Rental Homes (SVOH),3.1,"The Subsidy Scheme for Sustainability and Maintenance of Rental Homes (SVOH) offers private landlords and institutional investors the opportunity to apply for subsidies for energy-saving measures, maintenance measures and energy advice for their rental homes. The SVOH scheme runs from April 2022 to December 2029 and can - as of 1 April 2023 - be used by all private landlords, other than housing corporations. The SVOH scheme has a budget of 152 million euros. Partly this is also compensation for loss of income as a result of the rent freeze of 1 July 2021. In order to maintain the investment capacity of landlords, the SVOH is made available as a contribution to this. The subsidy applies to one or more energy-saving measures. When applying for one energy saving measure, the subsidy amount is reduced by half. There is also a bonus per m2 per insulation measure for the use of sustainable insulation materials. Maintenance measures are only eligible if at least an energy-saving measure is taken, such as new frames or a ventilation system. The SVOH also provides a 75% subsidy on the costs of having an energy advice drawn up. For the energy advice, at least one energy saving measure must also be implemented in order to be eligible for this subsidy. In all cases, the subsidy amounts to a maximum of 10,000 euros per home, without a maximum per landlord. If a landlord installs a solar boiler or heat pump in addition to an energy-saving measure, there is a max of 15,000 euros per home. For monumental rental properties, different conditions and amounts apply. For example, a monument can also apply for a subsidy for HR glass.","€ 10,825,000",€0.00,N.B.,
NL_032,Support package to make private landlords more sustainable,3.1,"In March 2025, a support package on making private landlords more sustainable was published. The support package consists of four components, namely: 1) improving information provision and process support, 2) strengthening cooperation with local and regional authorities and industry; 3) improving financial support (see also heading ‘Financing opportunities for private landlords’) and 4) phasing out worst insulated rental homes by regulation.",,,,
NL_033,Financing possibilities for private landlords,3.1,"The investment space for private landlords has been reduced by recent fiscal measures. Private landlords can use the SVOH but not the National Heat Fund. That is why, together with mortgage lenders, we are investigating whether more attractive lending opportunities for private landlords can be offered by market parties.",,,,
NL_034,Phasing out EGF energy labels for rental housing by 2029,3.1,"Landlords will be required to phase out EGF energy labels on rental homes by 2029. For this purpose, minimum energy performance requirements for rental homes are included in the Decree on Buildings and the Living Environment (Bbl). In order not to impose unfeasible and unnecessary requirements, a number of exceptions are used. Examples of exceptions are monuments, houses that are used for a maximum of two years, houses that are used for less than 4 months per year and detached houses smaller than 50m2. The scheme in the Bbl will enter into force on 1 January 2029. In line with these proposed regulations with regard to minimum energy performance requirements, the government intends to extend the line to 2040, from then on rental homes must at least meet an energy label B. There will be no rental ban for rental homes in the regulations. Landlords can continue to rent out the house, but there will be requirements that require them to reduce the energy demand of the house. Landlords will have until 1 January 2029 to address the rental properties with the EGF labels. If they do not do so, the municipality in question can maintain from 1 January 2029 to ensure that landlords improve the rental property to at least label D. In doing so, the municipality will have existing enforcement tools, such as the possibility of writing down landlords, possibly subject to a penalty payment.",,,,
NL_035,National Performance Arrangements (NPA),3.1,"On 30 June 2022, the Minister for VRO made national performance agreements with Aedes, Woonbond and VNG. The agreements were reconsidered in 2024. The ambition for a natural gas-free housing stock in 2050 remains unchanged, but the parties set the intermediate target for 450,000 natural gas-free homes from 2030 to 2034. As a result, more steps can be taken in this period in insulating housing corporation property and in installing hybrid heat pumps. The parties have also agreed to focus more on reducing the average heat demand of rental homes. As a result, the measures with the best relationship between costs on the one hand and a reduction in heat demand on the other hand are taken first. In 2024, the average heat demand of all housing corporations will be 108 kWh/m2. The heat demand reduction path is the annual reduction of heat demand over time, plotted with an intermediate target for the average heat demand of the stock of 94 kWh/m2 in 2030 and 87 kWh/m2 in 2034. In addition, the agreement remains that housing corporations will phase out homes with poor energy labels (EFG) by 2028 at the latest.",,,,
NL_036,Modernisation of the Housing Valuation System (WWS),3.1,"The housing valuation system (WWS) prescribes maximum rents based on points for the quality of the home. For example for surface area, energy label and WOZ value. Since the Affordable Rent Act entered into force60 on 1 July 2024, the WWS has become mandatory. Making the WWS mandatory means that landlords are obliged to adhere to the maximum rents that match the quality of the home. Part of this law is a modernization of the WWS, so that homes with higher energy labels are better valued, while homes with lower labels receive deduction points. As a result, the sustainability of a home will play a greater role in determining the maximum rental price. This will - in addition to the standardization to improve rental homes with an energy label E, F or G to at least D from 1 January 2029 - also encourage private landlords to move towards sustainability.",,,,
NL_037,Energy performance compensation rent (EPV),3.1,"On 1 October 2023, the revision of the Lease Energy Performance Compensation Decree entered into force. For certain homes, a landlord can charge an energy performance fee (EPV). These are very well insulated homes with solar panels and a heat pump that deliver a guaranteed performance. The amount of the EPV is legally capped with the Decree on Energy Performance Compensation for Rent, so that the tenant keeps the same housing costs. With the EPV, landlords get more investment opportunities when building or renovating highly energy-efficient rental homes.",,,,
NL_038,Approach focused on non-residential construction,3.1,"This section discusses policies and measures for making Dutch non-residential buildings more sustainable. Subsidy schemes and other support programmes are discussed first, financing products for non-residential construction are explained, and standards and other relevant policy measures are discussed.",,,,
NL_039,Sustainable Social Real Estate Grant Scheme (DUMAVA),3.1,"The DUMAVA scheme is a subsidy scheme to help owners of social real estate meet the costs of sustainability. The scheme is intended for owners of buildings with a social function such as schools, community centres, healthcare institutions, municipal real estate and amateur sports associations. Social real estate owners can apply for up to three sustainability measures or an integrated project. Both forms can be combined with subsidies for energy advice and for drawing up an energy label after implementing the sustainability measures. Integrated projects are expected to have a level of ambition that is in line with the government's climate objectives. Owners receive additional subsidies when sustainability is achieved to a very high level of energy performance. In this way, we want to increase the pace for making social real estate more sustainable and contribute to national and European objectives, such as the renovation obligation in the Energy Efficiency Directive (Article 6). The grant scheme will be evaluated annually and, if necessary, adjusted prior to the next grant round. The evaluations show that there is a huge need for (financial) support for the sustainability task. The subsidy scheme is reopened annually. The scheme was opened for the first time in 2022. For 2022 and 2023, the subsidy scheme was financed from the Dutch Recovery and Resilience Plan. For the period 2024 to 2030, 1.9 billion euros have been made available from the Climate Fund.","€ 163,997,000",€0.00,N.B.,
NL_040,Sectoral roadmaps,3.1,"In the Dutch Climate Agreement (2019), agreements were made to work towards the climate targets for 2030 and 2050. For social real estate, it has been agreed that the sectors themselves determine the route to work towards these objectives. These twelve sectors (e.g. education, care, sport, local and regional authorities) in social real estate have agreed in the proposal for the Climate Agreement that they will make sectoral roadmaps in which it is clear how their real estate will become CO2 low towards 2050. A first version of the roadmaps was made in 2019. These sectoral roadmaps are a form of self-regulation, the Ministry of VRO only has a coordinating responsibility. In January 2020, the sector organisations submitted final roadmaps or additions to the previously submitted roadmaps. The purpose of the development in different scenarios was, among other things, to provide insight into the different investment questions at different sustainability rates for budgetary purposes at the relevant ministries. These scenarios have been used to identify the financial instruments needed. The first versions of the sectoral roadmaps showed, inter alia, bottlenecks in funding. In several sectoral roadmaps, the individual institutions within the sector have started to draw up portfolio roadmaps for their real estate. In 2025, the sectoral roadmaps were updated.",,,,
NL_041,Portfolio approach,3.1,"The portfolio approach is a new way of working for the energy savings obligation. Companies or institutions with 20 or more buildings in the Netherlands, spread over at least 2 environmental services, are eligible for the portfolio approach. The portfolio approach offers large organisations more flexibility and less administration. In return, their real estate must deliver over-statutory energy performance, expressed in Key Performance Indicators (KPI). A participating company or institution submits the energy-saving measures of its entire real estate portfolio to one coordinating inspector (CI). Portfolio roadmaps shall be included in the enforcement strategy for competent authorities. The portfolio approach has 32 participants after the start. These commit to achieving a reduction in fossil energy use of at least 5.5% per year. This should lead to higher energy savings than required by law. The portfolio roadmap must be submitted for assessment to Omgevingsdient NL. In that roadmap, the measures to be taken to achieve the reduction target must be specified at portfolio level over a period of four years.",,,,
NL_042,Unburdening,3.1,"Many owners of non-residential buildings lack the knowledge or the capacity to make their building more sustainable. To help them, two relief programmes are aimed at the small owners within social real estate and SMEs. These programmes support owners in creating a sustainability plan for their premises and eventual business process. These programmes are implemented by the provinces and run until 2027. 62 There are also programmes from different sectors, taking into account the specific challenges in that sector, such as for sport or for monuments. The relief programme for social real estate started in 2021 and a second tranche of the scheme was opened to provinces in 2022. All 12 provinces make use of the national contribution. The objective is to provide support to 2,850 owners until May 1, 2027. More than 1550 owners are already taking part in a carefree process. There are resources to continue the relief programme until 2030. In its design, the requirements of the EPBD-IV aimed at informing and unburdening building owners61 are taken into account. In February 2024, the Dedicated Allowance Unburdening Sustainability Small and Micro SMEs and business parks were published. Here, provinces were able to apply for funds to set up two programmes: the SME Care Programme and the Sustainable Business Areas Programme. Approximately €50 million is available for both programmes. The SME Care Programme aims to support small and micro SMEs in making their lives more sustainable. The Sustainability Business Parks Programme is aimed at increasing the degree of organisation on business parks for the purpose of sustainability. The application has been accepted from all provinces. On 1 May, the provinces started implementing both programmes, which run until 1 May 2027 with the aim of helping a total of 5700 SMEs and 650 business parks to become more sustainable. The funds for both programmes are available for guidance and advice, not for the financing of the measures themselves. Each province gives its own interpretation to the programmes and makes the choice itself which small SMEs and business parks they can unburden within the programme.",,,,
NL_043,Knowledge and Innovation Platform Sustainability Social Real Estate,3.1,"The Knowledge and Innovation Platform for Sustainable Social Real Estate (KIP-MV) was established in 2019 to support the sustainability of buildings in the social sector. The platform stimulates energy savings, improving energy performance and the use of sustainable energy from social real estate and promotes innovation. The platform does this by developing and disseminating knowledge. Within the KIP-MV, knowledge parties from the healthcare, sports, monuments, museums, education and municipalities join forces and exchange information, examples, knowledge and innovations. The two objectives of the Platform are: - Achieving demand and knowledge articulation with regard to the sustainability of social real estate - Collaboration and synergy between sectors.",,,,
NL_044,Financing for social real estate,3.1,"In order to bring forward investments in the sustainability of buildings and installations, appropriate financing is desirable. We are currently working on low-threshold loans for making social real estate more sustainable.62 The government is making a contribution to the National Renovation Fund, the BNG Sustainability Fund and the Regional Energy Funds. In order to promote access to finance for integrated projects and area-oriented solutions linked to social real estate, a social real estate guarantee fund is being developed. Through Qredits, SMEs have access to easily accessible and attractive loans of up to € 50,000 to make energy use more sustainable (see SME Sustainability Loan on www.qredits.nl).",,,,
NL_045,The Schools Energy Savings Loan of the National Heat Fund,3.1,"In 2019, Stichting Nationaal Warmtefonds started a pilot with loans for making PO and VO schools more sustainable. In the period 2019 to 2022, loans were granted to around twenty schools for a total of more than 2.5 million euros. No loans have been granted to schools since 2023. If a new application is received, Warmtefonds will process it. The Schools Energy Savings Loan can be used for facade insulation, cavity wall insulation, roof insulation, solar panels, LED lighting and energy management systems.",,,,
NL_046,Energy Savings Fund for SMEs,3.1,"Invest-NL has carried out research into how the threshold for financing energy-saving measures for SMEs can be removed. The study shows that the costs of the mandatory energy-saving measures amount to approximately € 16,500 per company. Due to this relatively small financing need, and a lack of collateral, it is challenging for SMEs to find financing with an affordable interest rate. About 11% of SMEs indicate that they do not have access to external financing before or now. Combined with CBS data, this indicates a total of around 11,000 SMEs. To remove this threshold, InvestNL proposes an Energy Savings Fund to support SMEs by providing loans for both mandatory and other energy-saving measures. By linking uniform conditions to the loans and using the arithmetic interest rate for the energy savings obligation, SMEs throughout the Netherlands would then have access to – and certainty about – external financing, the interest costs of which correspond to the arithmetic interest rate used when determining the payback period for the energy savings obligation. Within the Climate Fund, € 150 million has been earmarked to support SMEs in energy saving. Of this, € 100 million has been earmarked for a possible energy savings fund. The government takes the results of InvestNL's research into the decision-making on the use of the funds. For the remaining € 50 million, an unburdening programme for sustainability in general for energy-intensive SMEs (€ 25 million) and financing of sustainability loans for small SMEs through Qredits (€ 25 million, of which € 10 million has already been granted). The relief programme supports SMEs with advice and implementation of sustainability measures. Qredits provides cheap sustainability loans to entrepreneurs who are not subject to the energy savings obligation.",,,,
NL_047,Final standard 2050 non-residential construction,3.1,"The Netherlands has already included requirements for the energy performance of new buildings in the building regulations, the so-called NZEB standard (Almost Energy Neutral Buildings). The Netherlands has not yet included any requirements for existing buildings. Chapter 5 discusses how the Netherlands will determine the requirements and limit values for Zero Emission Buildings (ZEB). Member States have the possibility to set different limit values for existing buildings than for new buildings. By including this standard in the Bbl, all parties have clarity about what the building stock must meet in 2050. These standards apply to the entire non- residential building and are not yet mandatory. Until the new ZEB limit values have been set, the renovation standard for non-residential buildings will be applied. The renovation standard (energy label A++ or A+++) is an existing, voluntary guideline for the desired energy performance of a building in 2050. This renovation standard is already being stimulated through existing instruments, for example because renovations to this standard receive a higher percentage of subsidy within the DUMAVA.63",,,,
NL_048,Energy label C-obligation offices,3.1,"As part of the implementation of the EPBD IV, the Netherlands will introduce new minimum energy performance requirements for non-residential buildings. See also Chapter 6. Since 1 January 2023, every office building in the Netherlands must already have a minimum energy label C.64 If the building does not meet the requirements, it may no longer be used as an office. The energy label C obligation shall not apply where:",,,,
NL_049,Energy savings objectives stemming from the EED Directive Articles 5 and 6,3.1,"The renewed Energy Efficiency Directive (EDD) requires Member States to reduce energy consumption. Public authorities should play an exemplary role in this regard. The EED imposes obligations on Member States to reduce the energy use of public bodies (Article 5) and to achieve the sustainability of public bodies’ buildings (Article 6). Article 6 states that 3% of the total floor area of heated and/or cooled buildings with a floor area larger than 250 m2 owned by public bodies must be renovated annually into nearly zero-energy buildings or zero-emission buildings. Until the ZEB standard for existing construction has been established, the renovation standard for non- residential buildings will be applied. The renovation standard corresponds to energy label A++ or A+++ (depending on the use function of a building education, sports, shop, office, etc.) which goes hand in hand with low energy consumption. It is a voluntary standard for the desired energy performance of a building in 2050. Energy saving obligation and recognised lists of measures (EML) An energy saving obligation has been included in the Environmental Management Act since 1993. The energy saving obligation is a legal obligation for companies and institutions that consume more than 50,000 kWh of electricity or 25,000 m³ of natural gas annually. They must implement all energy-saving measures with a payback period of up to five years, including measures that reduce CO₂ emissions. The recognised list of measures (EML) was updated for the second round in 2023. The update unlocks greater savings potential because more savings measures meet the five-year payback period, including the hybrid heat pump. It is therefore mandatory since 1 July 2023 for companies and organisations where a hybrid heat pump earns itself back within 5 years at an independent moment to install a hybrid heat pump. The government has decided to tighten the energy saving obligation by increasing the payback period to seven years in 2027. The competent authority (the ILT and SodM, provinces and municipalities and the regional implementation and environmental services mandated by them) is responsible for monitoring and enforcing the energy savings obligation.",,,,
NL_050,Addressing renewable energy sources in and on buildings,3.1,,,,,
NL_051,Solar PV: preferably on roofs and facades,3.1,"With the tightening of the preferential solar order, as agreed administratively in October 2023 between the government, Interprovincial Consultation (IPO), Association of Dutch Municipalities (VNG), the Union of Water Boards (UvW) and Netbeheer Nederland (NBNL), the Netherlands puts on solar PV according to the steps of the preferential solar order:",,,,
NL_052,Program Sun-on-Rijksdaken,3.1,"The government is filling in the mandatory exemplary role of public buildings for the generation of renewable energy through, among other things, the programme Zon op Rijksdaken. The government is implementing the administrative agreements to use 80 percent of the suitable government roofs in 2030 for a second function, such as the generation of renewable energy, through, among other things, the program Zon op Rijksdaken of the Rijksvastgoedbedrijf. Roofs are considered suitable when investing with solar panels is technically feasible. In the meantime, an inventory has been made of how many roofs – national offices and defence buildings – will be equipped with solar PV by the end of 2025. In addition, twelve of the 70 national offices with suitable roofs have already been invested with solar panels and fourteen additional roofs are being invested. This is the estimate that about 37 percent of the suitable office roofs are used. With regard to the defence real estate, 96 of the 540 buildings with a suitable roof are used (approximately 18 percent). The Sun-on-Rijksdaken programme will expire on 31 December 2025. The EPBD replaces the Zon-Op-Rijksdaken programme for the installation of solar panels on government buildings. Depending on the building size, the obligation to install solar panels will be elaborated in regulations from 2027, in accordance with the EPBD.",,,,
NL_053,Mandatory installation solar energy system,3.1,"The EPBD IV lays down rules on mandatory installation of a solar energy system where this is technically, functionally and economically feasible. The Netherlands will implement this by requiring a solar energy installation for the generation of building-related energy consumption. For new non-residential buildings with a surface area of more than 250 m2, these rules shall apply by 31 December 2026. For existing public buildings, a gradual approach is foreseen whereby buildings larger than 2,000 m2 of use area must comply with the new rules by 31 December 2027. This threshold will be progressively reduced to 250 m2 by December 2030. Existing non-residential buildings larger than 500 m2 will be subject to the obligation from 31 December 2027, when they undergo major renovation. For new residential buildings and new covered parking garages, the rules apply from 31 December 2029.",,,,
NL_054,Termination of netting arrangements,3.1,"The bill terminating the netting scheme was adopted by the Senate on 17 December 2024. With this important legislative change, the netting scheme will be terminated as of 2027, and every active customer will receive a reasonable fee for returned renewable electricity, in accordance with the agreement from the Mainline Agreement and the Government Programme. In the period between now and 2027, the preparation for the careful implementation of this law will be taken up in consultation with the parties involved. Terminating the netting scheme creates a financial incentive for active customers to use renewable electricity more efficiently. By using self-generated electricity, the entire supply rate is saved, and no VAT and energy tax is due. In the coming years, more attention will be paid to the knowledge and possibilities that households have to use the electricity generated by themselves as efficiently as possible in the home. After all, this is in the interest of both a shorter payback period for solar panels and a reduction in the load on the electricity grid.",,,,
NL_055,Heat pumps,3.1,"In making the built environment more sustainable, the goal is to achieve 1 million installed hybrid heat pumps in the existing building by 2030. According to PBL's updated start-up analysis, two thirds of homes will eventually be heated by a hybrid heat pump (using sustainable gas) or fully electric heat pump by 2050.66 With an electric heat pump you no longer use natural gas and with a hybrid heat pump you use about 60% less natural gas for space heating. It is therefore important to have the preconditions for this technique in order and to provide support where necessary. In addition, based on the EPBD-IV Article 13.7, Member States are encouraged to replace fossil fuel boilers in existing buildings and to make national plans for the phase-out of such boilers by 2040. The new government intends to stimulate and standardise the application of hybrid, smart heat pumps by 2029, where heat networks do not offer a suitable solution. Below we will discuss the ways in which the heat pump is stimulated as an alternative to the central heating boiler for different target groups. The action plan on hybrid heat pumps, the promotion and financing of heat pumps, the hybrid heat pump as a measure in the energy saving obligation, the information campaign aimed at heat pumps and the network-friendly integration of heat pumps are discussed in turn.",,,,
NL_056,Hybrid heat pumps action plan,3.1,"The Action Plan on Hybrid Heat Pumps 2022-2024 was published on 15 June 202267. In this Action Plan, agreements have been made with the most important sector parties such as the installers and producers. The aim was to achieve a substantial scale-up of hybrid heat pumps in the short term. In addition to scaling up production and the availability of sustainable installations, the agreements were about reducing manufacturing costs, shortening installation time, unambiguous monitoring of, among other things, the number of heat pumps, communication, knowledge and insight into performance and additional stimulation. The Action Plan has contributed to the significant expansion of production capacity in the Netherlands in recent years through the creation of new factories and production lines. The installation of heat pumps has also taken off. Furthermore, the installation time for hybrid heat pumps has been reduced. In addition, the demo project hybrid heat pumps and the installation monitor provided valuable information about the performance of the (hybrid) heat pump and its impact on the electricity grid. From within the government, we have managed to accommodate the growing number of applications in the ISDE, we have conducted various government campaigns and from 2025, with the help of CBS, we will shape the monitoring even better. Because it is 66 Update Start-up analysis of natural gas-free neighbourhoods 2025 | Planning Bureau for the Environment important that the right heat pump is installed in the specific occupant situation, the approach will be continued and broadened to all types of heat pumps, both hybrid and fully electric, from 2025 onwards, and the framework conditions such as a grid-friendly integration will be looked at more broadly. Up to 2023, around 560,000 heat pumps have been sold, the vast majority of which are fully electric heat pumps. To achieve the goal of 1 million hybrid heat pumps by 2030, growth will have to accelerate.",,,,
NL_057,Promotion and financing of heat pumps,3.1,"Consumers often opt for a new boiler when the old one needs to be replaced. This reluctance is partly due to the unfamiliarity of the technology and its energy-saving possibilities, but the initial investment, which is higher than a traditional central heating boiler, is also perceived as an important threshold. To encourage residents to make the switch to a (hybrid) heat pump, the government therefore makes Investment subsidy for sustainable energy (ISDE) available for the switch to a heat pump. This subsidy covers on average 30% of the investment costs. This helps the citizen with the investment and makes the switch more attractive. In addition, residents can use a loan at attractive conditions with the National Heat Fund. Residents with an aggregate income below € 60,000 do not have to pay interest on this. This also allows people with a lower income to benefit from the benefits of a heat pump. There may also be further support at the local level. Information about this can be found on the Energy subsidy guide of Milieu Centraal, where you can search for local subsidy and loan possibilities per place of residence.",,,,
NL_058,Heat pumps in the energy saving obligation for companies and institutions,3.1,The energy saving obligation obliges companies and institutions to implement all energy saving measures - with a payback period of 5 years or less. The recognised list of measures used in the Energy Savings Obligation also includes the hybrid heat pump measure. It is therefore mandatory since 1 July 2023 for companies and institutions where a hybrid heat pump earns itself back within 5 years at an independent moment to install a hybrid heat pump.,,,,
NL_059,Information,3.1,"Residents and SMEs have recently been made aware of the benefits of a hybrid heat pump through a government campaign under the banner of Zet. This campaign focused on residents and SMEs who move, renovate or whose boiler needs to be replaced. There was targeted use via magazines, information on websites, radio spots and cooperation with a mortgage lender. On the website of Milieu Centraal, residents and entrepreneurs can find reliable and accessible information about heat pumps. In addition, residents can get information via the improvement check on the website verbeterjehuis.nl about the concrete steps they can take for their own home to become more sustainable and what savings that leads to.",,,,
NL_060,Prerequisite: Net-friendly integration of heat pumps,3.1,"The space on the electricity grid is an important precondition for the growth of the number of heat pumps. Increasing electrification means that the electricity grids are becoming increasingly full. The impact of heat pumps on the low-voltage grid can be reduced by using heat pumps more flexibly. In that case, for example, a heat pump can make more use of its own generation by solar panels. The heat pump can also start earlier or at a lower power during the evening peak on the electricity grid. In this way, the grid load of a heat pump can be reduced without loss of comfort. The Action Agenda on network congestion for low-voltage grids agreed that smart devices – including smart heat pumps – should become the norm. In order to reach agreements that smart heat pumps must meet, the Royal Dutch Standards Institute (NEN) has been commissioned to develop a Dutch Technical Agreement (NTA) for smart heat pumps. The results of the standard trajectory are expected in early 2026. Once the NTA has been developed, the results can be used, for example, for a link to laws and regulations, or the ISDE. In this way, the installation of smart heat pumps can be stimulated.",,,,
NL_061,Green gas,3.1,"In a climate-neutral Netherlands, part of the energy supply will still run on gas. However, this is not natural gas, but gas that is completely free of greenhouse gas emissions, such as green gas. For this, it is necessary that green gas production grows exponentially from around 0.3 billion m3 (bcm; billion cubic metres) in 2022 to the policy target of 2 bcm. The Green Gas Programme, the blending obligation for green gas and subsidy schemes contribute to achieving this goal. For the built environment, green gas is limited available and always in combination with a hybrid heat pump.",,,,
NL_062,Green Gas Programme,3.1,"This Programme concerns the scaling up of green gas production in the Netherlands to at least 2 bcm of green gas. This ambition is supported by measures in the areas of 1) business case, 2) spatial integration and 3) raw materials. In 2024, there was a small stagnation, and green gas production grew by only 5% from 282 million cubic metres of green gas to 294 million cubic metres of green gas. The green gas sector indicates to be optimistic about the coming years by expecting the announced government policy and further growth towards the set targets for the production and blending of green gas.",,,,
NL_063,Green gas blending obligation,3.1,"In 2025, work will continue on the green gas blending obligation. Under this bill, energy suppliers who supply gas are given an administrative obligation to achieve a certain amount of chain emission reduction annually through the supply of green gas, increasing to a total of 2.85 Mton CO2 eq. in 2031. The level per supplier shall be determined on the basis of the share per supplier in the total supply of natural gas to the end-user group. Green gas is supplied via the existing natural gas network. This is an administrative obligation, because it is not possible to physically measure how much green gas has been supplied to the end-user group. In order to demonstrate administratively that an energy supplier complies with the obligation, the existing Guarantees of Origin (GvOs) are used and new marketable units are used, namely the green gas unit (GGE). The Dutch Emissions Authority (NEa), which is the proposed executive and supervisory body, determines annually how many GGEs an energy supplier must surrender in order to comply with the obligation. The NEa is also responsible for the implementation of ETS2. Partly because of implementation reasons, the execution was searched as much as possible for coincidence with ETS2, the share of the built environment in this end-user group is about 70%. In May 2024, the proposal for a blending obligation was presented to the Council of State and the European Commission for advice and notification as a technical regulation, respectively. The Commission responded to this notification with a detailed opinion, focusing on the condition that only green gas produced from a production plant located in the Netherlands can count towards the blending obligation. This requirement is considered by the Commission in the UGM as an unjustified infringement of the free movement of goods, as it is under the Treaty on the Functioning of the European Union. As a result, the bill will be amended so that green gas produced in other Member States and introduced into the European gas network can also contribute to the blending obligation. The Chamber was further informed about this in July 2025. After consulting the Council of State on the bill (end of 2025 - beginning of 2026), the parliamentary examination of the bill can begin in 2026.",,,,
NL_064,SDE++,3.1,"Since 2020, the previous sustainable energy production (SDE+) scheme has been broadened to the Sustainable Energy Transition (SDE++) incentive scheme. This scheme stimulates the deployment of renewable energy and CO2 reducing techniques by remunerating the unprofitable top of these techniques by means of an operating subsidy. In principle, this also applies to greenhouse gases other than CO2, such as methane. The SDE++ makes the business case of emission reduction measures more attractive, and thus increases the investment willingness of companies. In 2023, so-called ""fences"" were introduced within the SDE++. These are flexible reservations in the domains of Low Temperature Heat, High Temperature Heat and Molecules, which must ensure that techniques that are less cost-effective in the short term, but necessary for the energy transition, are covered more.",€ 4.326.310.000,€0.00,N.B.,
NL_065,Promoting smart technologies and charging infrastructure for sustainable mobility in buildings,3.1,,,,,
NL_066,Recharging infrastructure obligations in and near buildings,3.1,"Since 10 March 2020, the following obligations for charging infrastructure for buildings have been laid down in the Decree on Buildings in the Living Environment (Bbl), which enshrines rules on buildings in the physical living environment:68 • For new residential buildings and existing residential buildings undergoing major renovation, with more than 10 parking spaces on the building plot, pipe infrastructure (free pipes) must be constructed for each parking space to construct recharging points. • For new non-residential buildings and for existing non-residential buildings undergoing major renovation, with more than 10 parking spaces on the same site, a minimum of 1 charging point for the entire parking space must be constructed. Pipe infrastructure (free pipes) must also be built for 1 in 5 parking spaces. For existing non-residential buildings with more than 20 parking spaces on the site, a minimum of 1 charging point must be installed from 1 January 2025. The EPBD IV contains agreements on the requirements that future parking spaces must meet. These are processed in the Bbl in due course. The proposed amendments to the Bbl have recently been consulted and are expected to enter into force in 2026:69 For new or substantially renovated housing with more than 3 parking spaces, wiring pipes must be installed to all parking spaces. Also, 50% of parking spaces must have pre-cabling to place charging points. At least one charging point shall be installed. Finally, the building has at least 2 parking spaces for bicycles for each residential unit. For new or substantially renovated non-residential construction , with more than 5 parking spaces, the following requirements shall be met: • All parking spaces have cables for charging infrastructure. • At least 50% of all parking spaces have pre-cabling to place charging points. • At least 20% of all parking spaces have a charging point. Is the building an office? Then at least 50% of all parking spaces have a charging point. • The building has bicycle parking spaces for at least 10% of the maximum, or 15% of the average user capacity of the building. For existing non-residential buildings with more than 20 parking spaces, one of the following rules must be complied with: • At least 50% of all parking spaces have wiring lines, or • At least 10% of all parking spaces have a charging point. • Is the building owned or used by a public authority? In that case, at least 50% of all parking spaces will have pre-cabling to place charging points by 1 January 2033. • The building has bicycle parking spaces for at least 10% of the maximum, or 15% of the average user capacity of the building.",,,,
NL_067,Measures to stimulate charging infrastructure at VvE complexes,3.1,"Currently, permission from the VvE is required for the installation of a charging point at a VvE complex. New legislation is being prepared to ease decision-making on this issue. Under the bill on the notification scheme for VvE charging points, an apartment owner can suffice with a notification (notification) to the VvE board when installing a charging point, if a number of conditions are met. The bill was in internet consultation from 12 July 2021 to 6 September 202170 and is now being taken forward. Expanding the right of initiative for tenants of living space with charging points in the context of removing obstacles is also part of the bill. Other activities in the area of stimulating infrastructure for sustainable mobility within VvE complexes focus on subsidies or the provision of information. For example, within the Subsidy Scheme for Sustainability for Owners' Associations (SVVE), a subsidy is provided for a charging point advice, in which it is advised how the VvE realizes charging points on its own parking space in a future-proof way, and for basic charging infrastructure, so that residents can place charging points.71 In addition, the website www.vveladen.nl provides information to VvEs and VvE members about the construction of VvE charging infrastructure or the expansion of existing charging points.",,,,
NL_068,Measures to stimulate charging infrastructure in non-residential buildings,3.1,"Entrepreneurs can apply for a subsidy to build charging infrastructure and receive advice, from the SPRILA advice and SPRILA Acquisition schemes. The Subsidy Scheme for Private Charging Infrastructure at Companies (SPRILA) Advice is available for entrepreneurs who want advice on the construction of charging infrastructure for electric vehicles on their own or rented land. The amount of the subsidy is 50% of the total costs, up to a maximum of € 3,500. A total of €500,000 will be available for this scheme in 2025.72 The Subsidy Scheme for Private Charging Infrastructure at Companies (SPRILA) Purchase for charging infrastructure for own vehicles or vehicles of employees, customers or suppliers subsidises the costs for the charging infrastructure for electric vehicles and their construction. This concerns charging infrastructure that is placed on the entrepreneur's own or rented premises, which is not always publicly accessible. In combination with charging infrastructure, a subsidy can be requested for a stationary battery under certain conditions. In 2025, a total of € 60,952,000 will be available for this scheme.73",,,,
NL_069,Combating and preventing energy poverty through energy saving and sustainability,3.2,"Saving energy and making homes more sustainable is the most important way to contribute to an affordable energy bill for residents with a small stock exchange. The government is continuing the phase-out of rental housing with energy labels E, F and G (see 3.1.2, under rental housing). This objective is laid down in the renewed National Performance Agreements (2024) with housing corporations and municipalities. On the contrary, this is also relevant because about two thirds (62% in 2022 and 66% in 2023) of energy-poor households lived in corporate housing (TNO, 2024). Households are further supported through the National Insulation Programme (NIP), the National Heat Fund and the Schemes for the Promotion of Natural Gas-Free Rental (Stimulation Scheme for Natural Gas-Free Rental Homes (SAH) and for Owners' Associations (Sustainability Scheme for Owners' Associations (SVVE)). These instruments are described in section 3.1.",,,,
NL_070,Municipal resources to tackle energy poverty,3.2,"Municipalities received a total of €550 million in three instalments in 2022 and 2023 to address energy poverty through the SPUK Approach to Energy Poverty. Municipalities have been given a lot of space to deploy the funds until the end of 2025, for example so that they can quickly strengthen an existing local approach. Many municipalities opt for the use of energy fixers and coaches and white goods schemes. Studies (TNO, AMS Institute) show that the deployment of energy aid organisations can lead to significant energy savings. The implementation period of this SPUK will be extended from 2025 to 2027 so that municipalities have more time for implementation.",,,,
NL_071,Temporary Energy Emergency Fund,3.2,"In 2025, 56.3 million was made available to the Temporary Emergency Energy Fund Foundation to set up an energy fund that provides support to low-income households with a high energy bill, to prevent debts from arising or possibly a forced closure of energy. The 2025 Energy Fund, like the 2023 Emergency Fund and the 2024 Emergency Fund, is a public-private partnership. The fund was opened at the end of April and there was a lot of interest in the fund. A total of 210,000 applications were submitted. The people who have submitted an application are also alerted to sustainability offers.74 For the period 2026-2032, the Social Climate Fund (SCF) is intended to provide multiannual financial support for households in combination with the sustainability of housing.",,,,
NL_072,Social Climate Fund,3.2,"From 2026, the Social Climate Fund (SCF) will in principle be available to absorb the effects of the emissions trading system for CO2 emissions from the built environment and transport (ETS2) for vulnerable households and micro-enterprises. The fund was set up for the period from 2026 to 2032 and includes €86.7 billion for all Member States, including 25% compulsory own investment. The Netherlands can claim €720 million, which must be supplemented by mandatory co-financing of €240 million. The focus of the (concept) Dutch Social Climate Plan is mainly on the target group of vulnerable households and micro-enterprises that have no or insufficient resources to take the step towards sustainability and therefore remain dependent on fossil fuels. The SCF funds shall be spent on measures to mitigate the effects of the Emissions Trading System (ETS2) on households in energy poverty, and micro-enterprises in a vulnerable position. There are four measures in total, three of which relate to the built environment and one to direct income support (to bridge the structural sustainability of the housing stock). 1) attractive and responsible financing through the National Heat Fund for the implementation of energy- saving measures 2) advice, help and support for households through one-stop shops (‘Energy Houses’), see also 3.3. 3) direct income support through a public Energy (emergency) fund, where households applying are asked if they want to share their data so that they can be actively approached for structural sustainability measures. 4) SME fix teams to support the sustainability of micro-enterprises.",,,,
NL_073,"Help, unburdening and advice",3.2,"Milieu Centraal has developed the programme ‘Energy assistance from a trusted circle for tenants in energy poverty’.75 With the aim to allow current and future energy aid for tenants to reach all (thus also hard-to-reach) target groups. So that a more inclusive energy transition becomes possible and at the same time this project contributes to the livelihood of citizens, who are, for example, financially vulnerable. To this end, they develop tools and training courses that are shared via open source with municipalities, among others. The National Programme for Local Heat Transition (NPLW) also focuses on supporting municipalities in tackling energy poverty. A toolkit has been developed for municipalities to support and inspire them.76 Strengthening vulnerable neighbourhoods and villages through the National Isolation Programme – the local approach As already described in section 3.1. under the heading NIP Local approach Isolation, €425 million was made available in 2023 by the rich of municipalities to strengthen the collective approach to vulnerable neighbourhoods and villages. Of these funds, 400 million euros have been added to the National Insulation Programme (NIP): the local adaptation so that a higher degree of sustainability can be achieved in homes in those areas where the need is greatest. Municipalities with the highest share of low-income homeowners in poorly isolated housing, municipalities in the border area and municipalities with a focus area (see also NPLV) receive the highest amount per house on average. The remaining 25 million euros will be used for internal facilities for connection to heat networks as part of the neighbourhood approach.",,,,
NL_074,Top Sector Energy (TSE): TKI consortia,3.3,"The Top Sector Energy is the umbrella network organisation of several Top Consortia for Knowledge and Innovation (TKIs), which play a key role in accelerating the energy transition in the Netherlands. The TKIs work closely with companies, knowledge institutions and public authorities to stimulate innovation in the energy sector. The goal is a sustainable, reliable and affordable energy system, with attention to renewable energy, energy saving, circular economy and smart grids. The TKIs have a substantive and strategic advisory function within Dutch innovation policy. The Top Sector also plays a connecting role: it helps to form partnerships and consortia to develop the necessary knowledge, new techniques and working methods, then stimulates knowledge sharing and advises governments on the progress and direction of energy innovation policy. In this way, it contributes to achieving climate goals and strengthening the Dutch competitive position in the energy market.",,,,
NL_075,TKI Urban Energy and TKI Construction and Technology,3.3,"The TKIs (Top Consortia for Knowledge and Innovation) are the implementing organisations within the Top Sector Energy that are responsible for designing and implementing the substantive innovation programmes. TKI Urban Energy and TKI Bouw en Techniek focus on specifically the built environment, as part of the Government's Mission-driven Innovation Policy (MIB) for a CO2 neutral and fully circular Netherlands by 2050. The TKI Urban Energy focuses on sustainable energy generation, saving, storage, distribution and smart energy applications in the built environment. This concerns, for example, the development of innovations and knowledge in the field of solar energy, natural gas-free heat and cold solutions, insulation, batteries and smart grids in homes, neighbourhoods and cities. They help consortia of companies, governments and knowledge institutions to develop projects that fit within the substantive programme lines of the responsible policy departments. TKI Urban Energy ensures that these parties can connect their innovation to subsidy opportunities, for example through its mission-driven innovation policy. The TKI Construction and Technology focuses on the sustainability and industrialization of the construction sector, with a lot of attention for energy saving, circular construction and sustainable, energy-smart new construction. They play a key role in the transition to energy-efficient and future-proof buildings and infrastructure. This TKI also brings parties together, develops knowledge agendas and helps to set up consortia that can participate in subsidy schemes. Both TKIs are important for driving and structuring knowledge and innovations that accelerate sustainability in the built environment.",,,,
NL_076,The Renovation Flows Programme,3.3,"The aim of the Renovation Flows Programme is to accelerate the sustainability of existing homes in the Netherlands by creating scalable and predictable renovation flows. The programme is a collaboration between De Bouwcampus, Stroomversnelling, TKI Urban Energy and TKI Bouw en Techniek, and is supported by VRO. By combining knowledge, expertise and networks, Verbouwstrooms focuses on developing standardized renovation processes that can be rolled out on a large scale, with the aim of making a sustainable, comfortable and healthy home a reality for everyone faster. Since the end of 2022, the Renovation Flows programme has been working on aggregating and scaling up demand and standardising and industrialising supply. As a result of this scale-up, the production and organisational costs of sustainability can be reduced. This is happening both in the rental market, where landlords and providers are supported in regional renovation deals to achieve large-scale long-term renovation programmes, as well as in the buying market where provinces and municipalities are now organising the first joint tenders for making private homes more sustainable. In addition, two grants have been opened under the Renovation Flows programme: the Multiannual Experiments Effective Renovation Flows (MEER) and the SPOR. Both schemes are explained in more detail on the following page. An example of a project that is working on standardization and scaling up is the Renovation Deal Twente. The goal of the Twente Renovation Deal is to make no less than 7,000 rental and owner-occupied homes more sustainable by 2030. Making these homes more sustainable includes improving insulation, restoring the architectural condition of the homes and preparing them for natural gas-free living. The three cities in Twente are in the category of Dutch cities with the most energy poverty. This requires a large-scale and industrialised approach. In the course of 2025, several pilots will be carried out in the designated pilot districts in Almelo, Hengelo and Enschede. The results look at expanding this approach on a national scale.",,,,
NL_077,Multi-Year Experiments Effective Renovation Flows (MEER),3.3,"The grant pool for Multiannual Experiments Effective Renovation Flows (MEER) supports frontrunners with large- scale, long-term renovation programmes with a high level of sustainability. The aim is to show how an industrial and standardised approach improves productivity and cost-effectiveness in renovations. These MORE programmes should demonstrate that they make homes more sustainable faster and at a lower cost, thereby reducing the risk of high energy costs. This will also inspire other property owners, municipalities and intermediaries to adopt a similar approach and thereby help scale up the renovation market. The budget for MORE has been opened in tranches. In 2024, there are two tranches for which parties have been able to apply for a subsidy, with a budget of €30 million and €22 million respectively.",,,,
NL_078,Subsidy scheme for process support for scaling up renovation projects (SPOR),3.3,"Since the end of 2023, the Subsidy Scheme for Process Support for Upscaling Renovation Projects (SPOR) has also been in place for landlords and other homeowners who want to make their homes more sustainable together. The SPOR aims to stimulate the scaling up of sustainable housing renovation projects. The SPOR does this by providing a subsidy for process support for partnerships in the bundling of renovation plans to achieve joint sustainability. The SPOR will be open annually for applications until 2026. In total, there is a budget of 19 million.",€ 1.700.000,€0.00,N.B.,
NL_079,Demonstration Energy and Climate Innovation (DEI+) Natural gas-free built environment,3.3,"The subsidy from the scheme Demonstration Energy and Climate Innovation (DEI+) Natural gas-free built environment is intended for entrepreneurs with an innovation that helps to make homes, residential buildings, buildings without a residential function (utility building) or neighbourhoods natural gas-free. It is an arrangement within the top sector Energy. The innovations are as follows: • the transition to natural gas-free or natural gas-free-ready homes, residential buildings, non-residential buildings or neighbourhoods. The costs are as low as possible for the end user and society; • maintaining the technical, physical, practical and aesthetic qualities in the home, the residential building, the utility building and/or the neighbourhood. And if it can improve these qualities; • increasing the pace of making existing homes, residential buildings, non-residential buildings or neighbourhoods natural gas-free or natural gas-free-ready on a large scale and with support. In 2024, 6 million euro was available for this scheme. The scheme is part of a broader DEI+ grant.",,,,
NL_080,MOOI scheme Built environment,3.3,"Through the MOOI (Mission-driven Research, Development and Innovation) Built Environment scheme, subsidy is available for consortia that work on innovative solutions with a multidisciplinary approach, in order to achieve the climate goals for the built environment. Subsidies are provided to projects that help make existing homes and non-residential buildings more sustainable on a large scale. The condition is that the project will lead to a first application no later than 5 years after the start. The maximum grant amount is € 4 million (minimum € 25,000 for each participant). A total of €20,350,000 is available for the final round (opening 2024).",,,,
NL_081,Zero-emission building and digitisation,3.3,"The first phase of the zero-emission building programme for industrial prefabricated construction is almost complete. 21 projects aimed at minimizing emissions (CO₂, particulate matter, nitrogen) across the industrial and construction logistics chain were carried out in collaboration between TNO and market parties. With the development of the digital system built environment (DSGO), an important part of the basic infrastructure has been created for large-scale digital chain collaboration in the sector. Through digideals, the DSGO is further deepened for specific solutions such as digital licensing. In March 2024, the digiVelijk programme started to support SMEs in the sector in particular by embedding digital cooperation in their work processes.",,,,
NL_082,National Growth Fund programme Future-proof Living Environment,3.3,"Under the direction of the TKI Bouw en Techniek, the implementation of the National Growth Fund programme Future-proof Living Environment started in 2023. The program focuses on the (further) development of circular and biobased building and data-driven asset management, the scaling up of industrialization within the sector aimed at increasing efficiency, productivity and reducing failure costs and the construction of a well-functioning, self-reinforcing, innovation ecosystem by initiating new approaches around learning, collaboration in the chain and structural innovation in the design, construction and engineering sector. The programme will run until 2028, with a mid-term review in 2026.",,,,
NL_083,Programme Innovation and Scale-up Housing,3.3,"At the end of 2024, the ‘Innovation and Scale-up of Housing’ programme was launched. The programme is a follow-up to the programme Conceptual Building and Industrial Production (2021). The actions should lead to 50% of new-build homes being built industrially by 2030 by removing barriers and adapting regulations, procedures and requirements. The programme also aims to scale up and implement innovations in the field of housing construction. It is essential to accelerate the scaling up and implementation of existing innovations, such as industrial building and digitisation, in daily practice so that the benefits can be fully exploited. By using these innovative techniques, housing can be built faster, more efficiently and more sustainably. Within the ‘innovation and scaling-up of housing’ programme, market parties, knowledge institutions and governments work together in four substantive programme lines. • Program Line 1: Conceptual and Industrial Housing. The actions within this programme line should lead to industrial housing being scaled up to 50% of housing by 2030. This programme line updates and strengthens, among other things, the actions of the 2021 programme ‘Conceptual Construction and Industrial Production’. • Programme line 2: Accelerating digitalisation in housing. This programme line provides a deepening and further elaboration of the 2027 digitally built environment governance agreement. These include digitisation for industrial housing, data sharing in digital area development and digital permitting. • Programme line 3: Open innovation. This program line is aimed at dealing with or removing obstacles in housing construction. This line connects with a number of existing innovation programmes such as the National Growth Fund Programme Future-proof Living Environment and Clean and Emissionless Building, and contributes to accelerating housing construction with knowledge and innovative solutions. • Programme line 4: Social innovation. This line focuses on accelerating the social impact of housing and uses the existing networks and instruments of area development and housing realization. In collaboration with stakeholders from area development, innovations from previous programme lines are scaled up and connected to local social issues. Program lines 1, 2 and 4 focus on scaling up existing innovations in order to realize more homes faster and to add spatial quality to (large-scale) area development. Programme line 3 is mainly intended for innovative ideas that need to be further researched and tested before they can be used in practice. A work programme will be drawn up for each programme line in the first quarter of 2025. During the course of the programme, (combinations of) innovations can be considered as Accelerators. This way, work can be done on scaling up across the programme lines. Nature Inclusive Isolation The (re-)isolation of existing dwellings or buildings should take into account the presence of protected animal species, such as house sparrows, swifts and bats. Carrying out ecological research for all individual homes separately is time-consuming and costly. For this reason, in collaboration with the IPO and the VNG, the national approach to nature-friendly isolation was announced in 2024. In the meantime, several studies have been carried out into the innovative detection method ‘eDNA’, which enables the rapid and effective detection of bats. The eDNA method was included as a recognised measure in a ministerial order on 7 March 2025.77 In the case of a negative test, one can isolate without taking additional measures. In the event of a positive test, it is necessary to check with the relevant province which rules apply. In the meantime, the ministries of LVVN and VRO, the IPO, the provinces, the VNG and the species organisations are working on a code of conduct. The activities in the code of conduct are not subject to a licence requirement if work is carried out in accordance with that code of conduct. The code of conduct is temporary and applies until environmental permits are issued on the basis of species management plans (SMPs).",,,,
NL_084,Climate adaptation,3.3,"The Green programme in and around the city has already been explained in section 3.1. With this programmatic approach, the interests of greening are better taken into account in the tasks we face in the built environment, such as climate adaptation, the urbanization task, making the existing city more sustainable and the energy transition. The National Climate Adaptation Strategy (NAS) provides a broad overview of the main climate risks for different sectors. It was agreed to present a recalibrated National Climate Adaptation Strategy (NAS’26) in 2026, with targets for infrastructure, freshwater availability, health, housing, cultural heritage, agriculture and nature. The Ministry of Housing, Spatial Planning and the Environment is working on four tasks: climate-adaptive new construction, climate-proof living, the heat-resistant city and future-proof working landscapes. The National Approach Climate Adaptation Built Environment Phase 1 outlines the commitment to the built environment and what ambitions are formulated. To make buildings climate-adaptive, the Climate Quarter testing ground at TU Delft's The Green Village has been started. Here, research is conducted and experimented with climate-adaptive innovations at the building level. Since 2022, 24 innovations have been realized, tested and further developed here, and several innovations have been scaled up to practice. In addition, preparations have started to realise innovations with five more entrepreneurs by 2025. Knowledge from innovation, science and policy is widely shared in various theme sessions and during working visits. In order to give an impetus to the quality and future-proofness of business parks, the project Werklandschappen van de Toekomst (Work Landscapes of the Future) has been started with the help of funds from the National Growth Fund. Until 2027, the project focuses on the social, ecological, climate-adaptive and economic strengthening of working landscapes. This is done by deploying four living labs and eight ambassador areas throughout the Netherlands, where research and innovations are tested and the scale-up of these is looked at. The knowledge gained is then made available to everyone. Everyone can also join as a partner area, and thus work on making their own work landscape climate-adaptive.",,,,
NL_085,Energy houses and awareness campaigns,3.3,"Almost every municipality in the Netherlands has an energy counter where people can go for more information and advice about and guidance on making their home more sustainable. The EPBD-IV has made provisions for so-called one-stop shops or energy houses to support the energy transition (Article 18). These energy houses are support points where, among others, households, small/micro-SMEs and owners of social real estate can turn to for technical and practical assistance for improving the energy performance of buildings. This can be done by ‘fix’ teams passing by the doors, but there can also be temporary or movable energy houses (such as the temporary use of a community house or library or a mobile home in which there is a mini energy house) to get closer to the target group in neighborhoods or villages and to be more visible. In order to effectively reach vulnerable households, energy houses will connect to existing local networks, such as citizen initiatives, local energy cooperatives and the networks from the social domain (key figures in the neighbourhood, informal networks, etc.). The Netherlands is developing these energy houses building on the existing instruments such as energy counters, coaches, fixers and the website Beterjehuis.nl. The energy house will be further devised in the coming period together with those involved. By aligning advice and support more closely by bringing it together under one proverbial roof in the energy house, it becomes clearer and easier to find and get the desired help and advice. The design and financing of the part of the energy houses aimed at households in a vulnerable position is elaborated as a measure in the Dutch Social Climate Plan, see also section 3.2.",,,,
NL_086,Awareness-raising campaigns,3.3,"In addition, there are a number of national communication campaigns organised by the central government to offer residents more perspective on action and to encourage them to be more aware of energy.",,,,
NL_087,Climate campaign ‘Make the switch too’,3.3,"In April 2023, the central government launched a multi-year national climate campaign under the name ‘Set the switch too’. The aim is to inform citizens, businesses and governments about climate change, what we can do about it and how. It is a dome campaign on three levels. The second level describes the why and how in the domains of living/energy, mobility, circular economy and food. The third level is that of concrete action perspective.",,,,
NL_088,Public campaign Beterjehuis.nl,3.3,"On 20 May 2024, the new, multi-year public campaign ‘Improvjehuis.nl’ with the slogan ‘Who isolates benefits’ was launched. The website www.verbeterjehuis.nl is central to every expression. This is the platform for specialist knowledge and information about making the home more sustainable. This website offers a central and independent place to provide information and action perspective to citizens together with Milieu Centraal. And so to (continue to) take steps towards sustainable living without the use of natural gas. People can find suitable information and practical tips here at any time they choose and also get tailor-made advice via the improvement check.78 79 In any case, the public campaign will run until January 2026. In this campaign we promote the website Beterjehuis.nl. We do this from different angles such as the role of the energy counter, a low energy bill, the feasibility and affordability of sustainability for everyone to the importance of good ventilation in insulation. We give practical tips and information so that Dutch people can all get started with sustainability. The campaign is in line with the Zet Ook De Knop (ZODKO) Climate Campaign, so that the messages in the two campaigns reinforce and complement each other.",,,,
NL_089,Communicating more consciously with energy,3.3,"In the autumn of 2024, a large-scale public campaign was launched that focuses on the more conscious use of energy. This campaign is part of the overarching ‘Turn the button on too’ campaign. The campaign focuses on two main themes: boosting energy consumption at the right times, with the aim of preventing grid congestion, and promoting energy savings. Although the Netherlands is already well on track in the energy transition, it remains important that both citizens and entrepreneurs deal with energy more consciously. The campaign is therefore targeted at households and SMEs, using various means of communication, such as television and radio advertising, social media, online advertising and the campaign website. This approach should reach a wide audience.",,,,
NL_090,Information for professionals: Volkshuisvestingnederland.nl,3.3,"In addition to campaigns for residents, there is also a platform 81 for professionals where they can find information and tools about sustainability. For example, there is white label communication material and guidance for all relevant topics and different target group approaches; such as VUs. For VUs, a centre of expertise was also launched in 2024, which is carried out by Milieu Centraal and aims to boost the professionalism of VUs’ support and unburdening. National Net Congestion Action Plan (LAN) Net congestion hinders the sustainability of the built environment, because electrification with, for example, heat pumps, solar panels and charging stations has to wait for the expansion of the electricity grid. The central government, network operators and regional partners are therefore working on measures in the National Net Congestion Action Plan (LAN) to expand the grid faster, to make better use of it and to gain better insight into the state of the grid. Within the LAN, work is being done on faster network expansion by shortening procedures, making area investments and accelerating urgent projects through additional management. At the same time, new contract forms and forms of congestion management are being developed to allow large consumers to handle capacity more flexibly. For companies, flexibility is stimulated, among other things, through the Flex-e scheme and new forms of contract. Households and SMEs will be encouraged to use smart power through future time-dependent grid tariffs, smart device standards and awareness campaigns. Together with the sector, we are also working on frameworks for net-conscious new construction and net-conscious renovation. New data products such as the Capacity Map and Buurtnet app also provide better insight into available capacity. In Flevoland, Gelderland and Utrecht, the problem is currently the most urgent. Additional regional measures are used here, such as adjustable power, storage and congestion management. TenneT is working on a thorough revision of its internal working methods to reduce the lead times of high- voltage projects. Spatial processes are adapted so that studies and other steps in the early project phase can take place in parallel. It also focuses on standardization and modular design of assets such as masts and transformers, so that production, transport and installation run more efficiently and faster. In order to give priority to parties with a major social interest in the current queue for transport capacity on the electricity grid, the ACM has established the prioritisation framework. As a result of the ruling of the College van Beroep voor het bedrijfsleven (CBb), the ACM published a new draft prioritisation framework decision on 26 June. At the end of this year, the ACM will adopt the final framework so that it can enter into force on 1 January 2026. The draft decision also includes categories of small consumers, including housing, as a priority.",,,,
NL_091,Labour market and education,3.3,"Despite a limited reduction in labour shortages, there was still a very tight labour market for the most relevant professions for the energy transition in the built environment.80 A number of measures that are used to combat this shortage are discussed below.",,,,
NL_092,Green and Digital Jobs Action Plan,3.3,"The Green and Digital Jobs Action Plan was launched in 2023. It is a plan in which employers, education and the government jointly take their responsibility to tackle the labour market in the climate and digital transition. Tackling labour market shortages in technology and ICT is a joint task of employers, employees, education and the government. This requires action on several fronts. The government focuses on four pillars: • Increase inflow into Beta-Technical Education; • Maintaining and increasing the inflow into the beta-technical labour market; • Labour productivity growth; and • Strengthen governance and reduce fragmentation. The measures under examination focus on 1) making work more rewarding, 2) increasing labour supply and 3) financially supporting the transition of workers to structurally tight sectors. Structural shortage sectors include, for example, sectors where shortages are expected for a longer period of time, such as sectors relevant for the climate and energy transition.",,,,
NL_093,Technology attack plan,3.3,"An important first step in tackling labour market shortages has been taken by the technical employers (Industry Coalition). On 4 November 2022, this coalition presented the ‘Attack Plan for Labour Market Shortage in Technology, Construction and Energy’. This plan has since been renamed the ‘Attack Plan Technique’. The attack plan contains measures and actions with which employers will work over the next 10 years to reduce the shortages. The technical employers ask the government to jointly invest extra in the connection education- labour market, in the field of labour market infrastructure and in promoting diversity and inclusion. The Attack Plan includes the following measures: • (Further) improvement of working conditions; • Encouraging diversity and inclusiveness; • 10-year learning, employment and income perspective; • Productivity offensive; • Golden gate (recognizable orientation place for workers and jobseekers); • Hybrid learning environments; • Investments in technical promotion; • to train and make available hybrid teachers. The Attack Plan for Technology is an initiative of six Technology, Construction and Energy sector organisations: Bouwend Nederland, FME, Koninklijke Metaalunie, Techniek Nederland, WENB and BOVAG. They take the initiative in collaboration with VNO-NCW, MKB-Nederland, CNV Vakmensen and FNV. See oo k Scale-up plan to recruit 5,000 technicians | Energeia",,,,
NL_094,People make the transition,3.3,"People Make the Transition (MMT) is a collective of eight national organisations working on the energy transition. This partnership includes construction companies, installers, grid operators and institutions for education and research, with the joint mission of realizing a sustainable built environment. MMT achieves this goal through collaboration, knowledge sharing and innovation, with the aim of accelerating and simplifying the energy transition.",,,,
NL_095,Program Clean and Emissionless Building (SEB),3.4,"The SEB programme focuses on making work, feed and vessels used in construction (construction equipment) more sustainable. Step by step, equipment becomes cleaner and quieter. It also looks at process measures, such as prefab, digitization and smart transport. The transition will take shape with a roadmap that indicates the pace, the covenant in which partners agree, among other things, to implement emission requirements and with various instruments to support the transition (financially). There are now more than 110 covenant partners (municipalities, provinces, water boards, industry and network parties) to implement various emission reduction targets: • 60% NOx emission reduction compared to 2018 (Nitrogen Reduction and Nature Improvement Programme); • 0.4 Mton CO2 emission reduction compared to 2019 (Climate Agreement); • 75% health gain compared to 2016 (Clean Air Agreement); • Climate-neutral and circular national infrastructure projects in 2030 (CIP Strategy).",,,,
NL_096,Clean and Emissionless Building Equipment (SSEB) subsidy scheme,3.4,"The Subsidy Scheme for Clean and Emissionless Building Equipment (SSEB) focuses on Dutch construction companies with their own equipment and rental companies. The scheme has been in place since 2022 and until 2030. A total of 360 million is available for the scheme. The SSEB consists of three parts: 1) SSEB Purchase: within this subsidy is granted for the purchase of new zero-emission construction equipment; 2) 2. SSEB Retrofit: subsidy is granted for the conversion of existing tools to emission-free and for equipping existing tools with after-treatment technology (retrofit) that reduces nitrogen emissions. 4) SSEB Innovation: within this, projects and research are subsidised into innovations for emission-free construction equipment and required charging infrastructure.",,,,
NL_097,Specific Benefit (SPUK),3.4,"There is a Specific Allowance (SPUK) for fellow governments (municipalities, provinces, water boards) that have signed the SEB covenant. The SPUK can only be applied for construction work where emission-free equipment is used. The benefit is a contribution to the additional costs that co-governments may have to deal with by demanding this commitment. The scheme will run until 2030 at the latest. Each year, a budget is set aside for each co-government participating in the agreement for which applications can be submitted. In order to be able to submit an application, the co-government must have emission-free equipment used for construction work. Based on the power classes of the machines and the number of betting days, the amount of the allowance is calculated. A total of EUR 216 million is available for this instrument.",,,,
NL_098,SEB resources contracting authorities,3.4,"There is financial support for the Rijkswaterstaat, ProRail and the Rijksvastgoedbedrijf. With this support, the government services can implement the SEB covenant at an ambitious level. As a frontrunner, the government services are accelerating the transition to the use of clean and emission-free construction equipment. A total of EUR 275 million is available for this instrument. The contracting authorities submit annual spending plans for the funds.",,,,
NL_099,"SEB resources charging infrastructure, knowledge programmes, etc.",3.4,"In addition, 334 million euros have been made available to stimulate charging infrastructure on the construction site. Charging infrastructure is an essential part of the transition. These include (mobile) charging points and battery packs. The funds can be used in the aforementioned instruments, such as the SPUK and the SSEB. In addition, EUR 3 million has been made available for the verification of compliance. A total of 85 million has been made available for knowledge and scaling up in the field of digitization, prefab, smarter logistics, improving data and process measures via the Top Sector Logistics (TSL).",,,,
NL_100,International deployment SEB,3.4,"Where the Netherlands focuses on making work, feed and vessels used in construction more sustainable, international commitment is essential to make the transition to zero-emission construction equipment. Due to the still limited international demand for zero-emission construction equipment and the lack of international emission legislation on this equipment, manufacturers and retrofit companies have limited incentives to invest in making this category more sustainable despite the technical possibilities. The Netherlands is therefore committed internationally to encourage other parties and organisations to also focus on making this category more sustainable and to tighten up international emission legislation that promotes the supply and demand for this equipment and creates a level playing field for industry.",,,,
NL_101,Tax benefit of investing in sustainable buildings,3.4,"In addition, entrepreneurs can invest in the sustainable buildings via the MIA \Vamil with tax deduction. There, investment deductions are possible for a sharp environmental performance of a building, if materials applied during the construction project consist of at least one of the following options on a volume basis:",,,,
NL_102,National Approach to Biobased Building (NABB),3.4,"The aim of the National Approach to Biobased Building is to contribute to national climate and nature objectives – and legal obligations – by stimulating the transition from current (abiotic) construction practice to a sustainable (biobased) construction practice. The scaling up of a market for biobased building materials requires changes in multiple sectors (agriculture, industry and construction) at the same time. Experience shows that this transition does not happen by itself and requires a high degree of coordination. That is why the national government is taking action to facilitate the transition in the (agricultural) sector until the market for the cultivation, processing and application of bio-raw materials functions independently. Previously, funds have been made available to set up independent chains for biobased building materials: € 200 million has been allocated to set up the market from 2023 to 2030.81",,,,
NL_103,Additional subsidy for the use of biobased insulation materials,3.4,"The subsidy schemes for homeowners (ISDE, SVVE, SVOH) state that the applicant receives extra subsidy when using biobased insulation material. This is in addition to the 'normal' subsidy and applies per area and measure. From January 2024, the biobased insulation materials that meet the subsidy requirements are listed in the RVO insulation materialsHYPERLINK ""https://www.rvo.nl/subsidies- financiering/isde/woningeigenaren/isolatiemaatregelen"" reporting code list.",,,,
NL_104,High-quality reuse of demolition waste in relation to circular renovation and construction,3.4,"The construction sector is resource intensive and generates a lot of waste and CO2 emissions. The goal of the National Circular Economy Programme is to use 50% less primary abiotic raw materials by 2030 and to be 100% circular by 2050. In addition to the use of biobased (renewable) raw materials, the reuse of building elements, construction products and building materials makes an important contribution to achieving this goal. It also contributes to national climate and nature objectives and to reducing resource dependency on other countries. To enable reuse, buildings need to be renovated and demolished in a circular manner. A number of parties are working on an approach to circular demolition and reuse, in which attention is paid to both stimulating supply and stimulating demand for secondary construction products. Part of the approach is to look at the stimulation and safeguarding of circular demolition in the BRL SVMS-007 and the Verification Regulation for circular demolition and a system to periodically adjust / sharpen it via the partially still to be developed Best Available Method. Without the disposal of the dismantled building elements or products, circular demolition is of little use. That is why we are also looking at how the demand can be increased. Knowledge development and knowledge transfer to various actors in the construction sector will be important elements in the approach. A number of projects have already been started (with a subsidy from VRO) to promote circular demolition and reuse. For example, work is being done on standards for the exchange of data on secondary building materials (DigiGo, Insert), a knowledge programme on circular demolition (VERAS, SVMS, SVS) and an initial investigation into the Best Available Method for circular demolition has been completed. It also looks at what can be learned from initiatives in the country such as the Circular deal on secondary building materials North Holland North.",,,,
NL_105,Energy Investment Deduction (EIA),Annex I,,"€842,000,000",€0.00,N.B.,Yes
NL_106,Reduced VAT rate for insulation worka,Annex I,,"€34,000,000",N/A,N/A,Yes
NL_107,Incentives for Construction and Maintenance of Sports facilities (BOSA),Annex I,,€ 233.792.000,€0.00,N.B.,
NL_108,Environmental Investment Deduction (MIA) and Random Depreciation Environmental,Annex I,,"€734,000,000",€0.00,N.B.,Yes
NL_109,Sustainability Social Real estate,Annex I,,"€ 163,997,000",N.B.,N.B.,
NL_110,Salvage scheme,Annex I,,€1 951 000 000,N.B.,N.B.,
NL_111,Local Approach to National Insulation Program (NIP),Annex I,,€ 306.700.000,N.B.,N.B.,
NL_112,Energy price cap,Annex I,,"€ 3,798,000,000",N.B.,N.B.,
NL_113,SPUK Energy poverty,Annex I,,€ 358.959.000,N.B.,N.B.,
NL_114,Natural Gas Free Zones (PAW) programme,Annex I,,€ 117.600.000,N.B.,N.B.,
NL_115,Renovation accelerator,Annex I,,€8.739.000,N.B.,N.B.,
NL_116,Subsidy Energy Saving Own Home (SEEH),Annex I,,"€198,446,000",N.B.,N.B.,Yes
